{
    "counter": {
        "ACTIVE": 2020,
        "INACTIVE": 9,
        "INVALID": 0,
        "MALICIOUS": 0,
        "SANE": 0,
        "VALID": 0,
        "total": 2029
    },
    "percentage": {
        "ACTIVE": 99.55643173977329,
        "INACTIVE": 0.5211349160393747,
        "INVALID": 0,
        "MALICIOUS": 0,
        "SANE": 0,
        "VALID": 0,
        "total": 100.07756665581266
    }
}