{
    "counter": {
        "ACTIVE": 1392,
        "INACTIVE": 8,
        "INVALID": 0,
        "MALICIOUS": 0,
        "SANE": 0,
        "VALID": 0,
        "total": 1400
    },
    "percentage": {
        "ACTIVE": 99.42857142857143,
        "INACTIVE": 1.606425702811245,
        "INVALID": 0,
        "MALICIOUS": 0,
        "SANE": 0,
        "VALID": 0,
        "total": 101.03499713138268
    }
}