{
    "counter": {
        "ACTIVE": 1820,
        "INACTIVE": 4,
        "INVALID": 0,
        "MALICIOUS": 0,
        "SANE": 0,
        "VALID": 0,
        "total": 1824
    },
    "percentage": {
        "ACTIVE": 99.78070175438596,
        "INACTIVE": 0.4819277108433735,
        "INVALID": 0,
        "MALICIOUS": 0,
        "SANE": 0,
        "VALID": 0,
        "total": 100.26262946522934
    }
}