{
    "counter": {
        "ACTIVE": 1611,
        "INACTIVE": 131,
        "INVALID": 0,
        "MALICIOUS": 0,
        "SANE": 0,
        "VALID": 0,
        "total": 1742
    },
    "percentage": {
        "ACTIVE": 92.53302699597933,
        "INACTIVE": 7.520091848450058,
        "INVALID": 0,
        "MALICIOUS": 0,
        "SANE": 0,
        "VALID": 0,
        "total": 100.05311884442938
    }
}