{
    "counter": {
        "ACTIVE": 198,
        "INACTIVE": 1,
        "INVALID": 0,
        "MALICIOUS": 0,
        "SANE": 0,
        "VALID": 0,
        "total": 199
    },
    "percentage": {
        "ACTIVE": 99.49748743718592,
        "INACTIVE": 0.5050505050505051,
        "INVALID": 0,
        "MALICIOUS": 0,
        "SANE": 0,
        "VALID": 0,
        "total": 100.00253794223643
    }
}