{
    "counter": {
        "ACTIVE": 844,
        "INACTIVE": 7,
        "INVALID": 0,
        "MALICIOUS": 0,
        "SANE": 0,
        "VALID": 0,
        "total": 851
    },
    "percentage": {
        "ACTIVE": 99.17743830787309,
        "INACTIVE": 1.1475409836065573,
        "INVALID": 0,
        "MALICIOUS": 0,
        "SANE": 0,
        "VALID": 0,
        "total": 100.32497929147965
    }
}