{
    "counter": {
        "ACTIVE": 696,
        "INACTIVE": 5,
        "INVALID": 0,
        "MALICIOUS": 0,
        "SANE": 0,
        "VALID": 0,
        "total": 701
    },
    "percentage": {
        "ACTIVE": 99.2867332382311,
        "INACTIVE": 1.0101010101010102,
        "INVALID": 0,
        "MALICIOUS": 0,
        "SANE": 0,
        "VALID": 0,
        "total": 100.2968342483321
    }
}