{
    "counter": {
        "ACTIVE": 2060,
        "INACTIVE": 9,
        "INVALID": 0,
        "MALICIOUS": 0,
        "SANE": 0,
        "VALID": 0,
        "total": 2069
    },
    "percentage": {
        "ACTIVE": 99.56500724987917,
        "INACTIVE": 0.8152173913043478,
        "INVALID": 0,
        "MALICIOUS": 0,
        "SANE": 0,
        "VALID": 0,
        "total": 100.38022464118352
    }
}