{
    "counter": {
        "ACTIVE": 460,
        "INACTIVE": 2,
        "INVALID": 0,
        "MALICIOUS": 0,
        "SANE": 0,
        "VALID": 0,
        "total": 462
    },
    "percentage": {
        "ACTIVE": 99.56709956709956,
        "INACTIVE": 0.44150110375275936,
        "INVALID": 0,
        "MALICIOUS": 0,
        "SANE": 0,
        "VALID": 0,
        "total": 100.00860067085232
    }
}