{
    "counter": {
        "ACTIVE": 2337,
        "INACTIVE": 6,
        "INVALID": 0,
        "MALICIOUS": 0,
        "SANE": 0,
        "VALID": 0,
        "total": 2343
    },
    "percentage": {
        "ACTIVE": 99.74391805377721,
        "INACTIVE": 0.591715976331361,
        "INVALID": 0,
        "MALICIOUS": 0,
        "SANE": 0,
        "VALID": 0,
        "total": 100.33563403010857
    }
}