{
    "counter": {
        "ACTIVE": 493,
        "INACTIVE": 2,
        "INVALID": 0,
        "MALICIOUS": 0,
        "SANE": 0,
        "VALID": 0,
        "total": 495
    },
    "percentage": {
        "ACTIVE": 99.5959595959596,
        "INACTIVE": 0.4065040650406504,
        "INVALID": 0,
        "MALICIOUS": 0,
        "SANE": 0,
        "VALID": 0,
        "total": 100.00246366100025
    }
}