{
    "counter": {
        "ACTIVE": 2363,
        "INACTIVE": 6,
        "INVALID": 0,
        "MALICIOUS": 0,
        "SANE": 0,
        "VALID": 0,
        "total": 2369
    },
    "percentage": {
        "ACTIVE": 99.74672857745884,
        "INACTIVE": 1.1278195488721805,
        "INVALID": 0,
        "MALICIOUS": 0,
        "SANE": 0,
        "VALID": 0,
        "total": 100.87454812633102
    }
}