{
    "counter": {
        "ACTIVE": 1166,
        "INACTIVE": 3,
        "INVALID": 0,
        "MALICIOUS": 0,
        "SANE": 0,
        "VALID": 0,
        "total": 1169
    },
    "percentage": {
        "ACTIVE": 99.74337040205303,
        "INACTIVE": 0.4893964110929853,
        "INVALID": 0,
        "MALICIOUS": 0,
        "SANE": 0,
        "VALID": 0,
        "total": 100.23276681314601
    }
}