{
    "counter": {
        "ACTIVE": 1897,
        "INACTIVE": 6,
        "INVALID": 0,
        "MALICIOUS": 0,
        "SANE": 0,
        "VALID": 0,
        "total": 1903
    },
    "percentage": {
        "ACTIVE": 99.68470835522858,
        "INACTIVE": 0.546448087431694,
        "INVALID": 0,
        "MALICIOUS": 0,
        "SANE": 0,
        "VALID": 0,
        "total": 100.23115644266028
    }
}