{
    "counter": {
        "ACTIVE": 847,
        "INACTIVE": 7,
        "INVALID": 0,
        "MALICIOUS": 0,
        "SANE": 0,
        "VALID": 0,
        "total": 854
    },
    "percentage": {
        "ACTIVE": 99.18032786885246,
        "INACTIVE": 1.3972055888223553,
        "INVALID": 0,
        "MALICIOUS": 0,
        "SANE": 0,
        "VALID": 0,
        "total": 100.57753345767482
    }
}