{
    "counter": {
        "ACTIVE": 1045,
        "INACTIVE": 6,
        "INVALID": 0,
        "MALICIOUS": 0,
        "SANE": 0,
        "VALID": 0,
        "total": 1051
    },
    "percentage": {
        "ACTIVE": 99.4291151284491,
        "INACTIVE": 0.6688963210702341,
        "INVALID": 0,
        "MALICIOUS": 0,
        "SANE": 0,
        "VALID": 0,
        "total": 100.09801144951933
    }
}