{
    "counter": {
        "ACTIVE": 268,
        "INACTIVE": 2,
        "INVALID": 0,
        "MALICIOUS": 0,
        "SANE": 0,
        "VALID": 0,
        "total": 270
    },
    "percentage": {
        "ACTIVE": 99.25925925925925,
        "INACTIVE": 0.9478672985781991,
        "INVALID": 0,
        "MALICIOUS": 0,
        "SANE": 0,
        "VALID": 0,
        "total": 100.20712655783746
    }
}