{
    "counter": {
        "ACTIVE": 637,
        "INACTIVE": 7,
        "INVALID": 0,
        "MALICIOUS": 0,
        "SANE": 0,
        "VALID": 0,
        "total": 644
    },
    "percentage": {
        "ACTIVE": 98.91304347826087,
        "INACTIVE": 1.5283842794759825,
        "INVALID": 0,
        "MALICIOUS": 0,
        "SANE": 0,
        "VALID": 0,
        "total": 100.44142775773686
    }
}