{
    "counter": {
        "ACTIVE": 311,
        "INACTIVE": 1,
        "INVALID": 0,
        "MALICIOUS": 0,
        "SANE": 0,
        "VALID": 0,
        "total": 312
    },
    "percentage": {
        "ACTIVE": 99.67948717948718,
        "INACTIVE": 1.0526315789473684,
        "INVALID": 0,
        "MALICIOUS": 0,
        "SANE": 0,
        "VALID": 0,
        "total": 100.73211875843455
    }
}