{
    "counter": {
        "ACTIVE": 1458,
        "INACTIVE": 5,
        "INVALID": 0,
        "MALICIOUS": 0,
        "SANE": 0,
        "VALID": 0,
        "total": 1463
    },
    "percentage": {
        "ACTIVE": 99.65823650034176,
        "INACTIVE": 0.46511627906976744,
        "INVALID": 0,
        "MALICIOUS": 0,
        "SANE": 0,
        "VALID": 0,
        "total": 100.12335277941152
    }
}