{
    "counter": {
        "ACTIVE": 3393,
        "INACTIVE": 4,
        "INVALID": 0,
        "MALICIOUS": 0,
        "SANE": 0,
        "VALID": 0,
        "total": 3397
    },
    "percentage": {
        "ACTIVE": 99.88224904327348,
        "INACTIVE": 0.3401360544217687,
        "INVALID": 0,
        "MALICIOUS": 0,
        "SANE": 0,
        "VALID": 0,
        "total": 100.22238509769524
    }
}