{
    "counter": {
        "ACTIVE": 2273,
        "INACTIVE": 11,
        "INVALID": 0,
        "MALICIOUS": 0,
        "SANE": 0,
        "VALID": 0,
        "total": 2284
    },
    "percentage": {
        "ACTIVE": 99.5183887915937,
        "INACTIVE": 0.6622516556291391,
        "INVALID": 0,
        "MALICIOUS": 0,
        "SANE": 0,
        "VALID": 0,
        "total": 100.18064044722283
    }
}