{
    "counter": {
        "ACTIVE": 2363,
        "INACTIVE": 7,
        "INVALID": 0,
        "MALICIOUS": 0,
        "SANE": 0,
        "VALID": 0,
        "total": 2370
    },
    "percentage": {
        "ACTIVE": 99.70464135021098,
        "INACTIVE": 0.40674026728646134,
        "INVALID": 0,
        "MALICIOUS": 0,
        "SANE": 0,
        "VALID": 0,
        "total": 100.11138161749744
    }
}