{
    "counter": {
        "ACTIVE": 1976,
        "INACTIVE": 4,
        "INVALID": 0,
        "MALICIOUS": 0,
        "SANE": 0,
        "VALID": 0,
        "total": 1980
    },
    "percentage": {
        "ACTIVE": 99.79797979797979,
        "INACTIVE": 0.2326934264107039,
        "INVALID": 0,
        "MALICIOUS": 0,
        "SANE": 0,
        "VALID": 0,
        "total": 100.0306732243905
    }
}