{
    "counter": {
        "ACTIVE": 566,
        "INACTIVE": 6,
        "INVALID": 0,
        "MALICIOUS": 0,
        "SANE": 0,
        "VALID": 0,
        "total": 572
    },
    "percentage": {
        "ACTIVE": 98.95104895104895,
        "INACTIVE": 1.3274336283185841,
        "INVALID": 0,
        "MALICIOUS": 0,
        "SANE": 0,
        "VALID": 0,
        "total": 100.27848257936753
    }
}