{
    "counter": {
        "ACTIVE": 1335,
        "INACTIVE": 1,
        "INVALID": 0,
        "MALICIOUS": 0,
        "SANE": 0,
        "VALID": 0,
        "total": 1336
    },
    "percentage": {
        "ACTIVE": 99.92514970059881,
        "INACTIVE": 0.23809523809523808,
        "INVALID": 0,
        "MALICIOUS": 0,
        "SANE": 0,
        "VALID": 0,
        "total": 100.16324493869405
    }
}