{
    "counter": {
        "ACTIVE": 751,
        "INACTIVE": 5,
        "INVALID": 0,
        "MALICIOUS": 0,
        "SANE": 0,
        "VALID": 0,
        "total": 756
    },
    "percentage": {
        "ACTIVE": 99.33862433862434,
        "INACTIVE": 1.0351966873706004,
        "INVALID": 0,
        "MALICIOUS": 0,
        "SANE": 0,
        "VALID": 0,
        "total": 100.37382102599494
    }
}