{
    "counter": {
        "ACTIVE": 1787,
        "INACTIVE": 7,
        "INVALID": 0,
        "MALICIOUS": 0,
        "SANE": 0,
        "VALID": 0,
        "total": 1794
    },
    "percentage": {
        "ACTIVE": 99.6098104793757,
        "INACTIVE": 0.4276114844227245,
        "INVALID": 0,
        "MALICIOUS": 0,
        "SANE": 0,
        "VALID": 0,
        "total": 100.03742196379842
    }
}