{
    "counter": {
        "ACTIVE": 1016,
        "INACTIVE": 14,
        "INVALID": 0,
        "MALICIOUS": 0,
        "SANE": 0,
        "VALID": 0,
        "total": 1030
    },
    "percentage": {
        "ACTIVE": 98.64077669902913,
        "INACTIVE": 1.5695067264573992,
        "INVALID": 0,
        "MALICIOUS": 0,
        "SANE": 0,
        "VALID": 0,
        "total": 100.21028342548654
    }
}