{
    "counter": {
        "ACTIVE": 478,
        "INACTIVE": 5,
        "INVALID": 0,
        "MALICIOUS": 0,
        "SANE": 0,
        "VALID": 0,
        "total": 483
    },
    "percentage": {
        "ACTIVE": 98.9648033126294,
        "INACTIVE": 1.1389521640091116,
        "INVALID": 0,
        "MALICIOUS": 0,
        "SANE": 0,
        "VALID": 0,
        "total": 100.10375547663851
    }
}