{
    "counter": {
        "ACTIVE": 1140,
        "INACTIVE": 9,
        "INVALID": 0,
        "MALICIOUS": 0,
        "SANE": 0,
        "VALID": 0,
        "total": 1149
    },
    "percentage": {
        "ACTIVE": 99.21671018276763,
        "INACTIVE": 0.8166969147005445,
        "INVALID": 0,
        "MALICIOUS": 0,
        "SANE": 0,
        "VALID": 0,
        "total": 100.03340709746817
    }
}