{
    "counter": {
        "ACTIVE": 2288,
        "INACTIVE": 9,
        "INVALID": 0,
        "MALICIOUS": 0,
        "SANE": 0,
        "VALID": 0,
        "total": 2297
    },
    "percentage": {
        "ACTIVE": 99.60818458859382,
        "INACTIVE": 0.4147465437788018,
        "INVALID": 0,
        "MALICIOUS": 0,
        "SANE": 0,
        "VALID": 0,
        "total": 100.02293113237262
    }
}