{
    "counter": {
        "ACTIVE": 1446,
        "INACTIVE": 1,
        "INVALID": 0,
        "MALICIOUS": 0,
        "SANE": 0,
        "VALID": 0,
        "total": 1447
    },
    "percentage": {
        "ACTIVE": 99.93089149965446,
        "INACTIVE": 0.1988071570576541,
        "INVALID": 0,
        "MALICIOUS": 0,
        "SANE": 0,
        "VALID": 0,
        "total": 100.12969865671212
    }
}