{
    "counter": {
        "ACTIVE": 2385,
        "INACTIVE": 1,
        "INVALID": 0,
        "MALICIOUS": 0,
        "SANE": 0,
        "VALID": 0,
        "total": 2386
    },
    "percentage": {
        "ACTIVE": 99.95808885163453,
        "INACTIVE": 0.05824111822947001,
        "INVALID": 0,
        "MALICIOUS": 0,
        "SANE": 0,
        "VALID": 0,
        "total": 100.016329969864
    }
}