{
    "counter": {
        "ACTIVE": 760,
        "INACTIVE": 5,
        "INVALID": 0,
        "MALICIOUS": 0,
        "SANE": 0,
        "VALID": 0,
        "total": 765
    },
    "percentage": {
        "ACTIVE": 99.34640522875817,
        "INACTIVE": 1.0040160642570282,
        "INVALID": 0,
        "MALICIOUS": 0,
        "SANE": 0,
        "VALID": 0,
        "total": 100.3504212930152
    }
}