{
    "counter": {
        "ACTIVE": 1721,
        "INACTIVE": 11,
        "INVALID": 0,
        "MALICIOUS": 0,
        "SANE": 0,
        "VALID": 0,
        "total": 1732
    },
    "percentage": {
        "ACTIVE": 99.364896073903,
        "INACTIVE": 0.6362058993637941,
        "INVALID": 0,
        "MALICIOUS": 0,
        "SANE": 0,
        "VALID": 0,
        "total": 100.00110197326678
    }
}