{
    "counter": {
        "ACTIVE": 1259,
        "INACTIVE": 10,
        "INVALID": 0,
        "MALICIOUS": 0,
        "SANE": 0,
        "VALID": 0,
        "total": 1269
    },
    "percentage": {
        "ACTIVE": 99.2119779353822,
        "INACTIVE": 1.1160714285714286,
        "INVALID": 0,
        "MALICIOUS": 0,
        "SANE": 0,
        "VALID": 0,
        "total": 100.32804936395362
    }
}