{
    "counter": {
        "ACTIVE": 2113,
        "INACTIVE": 13,
        "INVALID": 0,
        "MALICIOUS": 0,
        "SANE": 0,
        "VALID": 0,
        "total": 2126
    },
    "percentage": {
        "ACTIVE": 99.38852304797743,
        "INACTIVE": 0.724233983286908,
        "INVALID": 0,
        "MALICIOUS": 0,
        "SANE": 0,
        "VALID": 0,
        "total": 100.11275703126434
    }
}