{
    "counter": {
        "ACTIVE": 1118,
        "INACTIVE": 12,
        "INVALID": 0,
        "MALICIOUS": 0,
        "SANE": 0,
        "VALID": 0,
        "total": 1130
    },
    "percentage": {
        "ACTIVE": 98.93805309734513,
        "INACTIVE": 1.0889292196007259,
        "INVALID": 0,
        "MALICIOUS": 0,
        "SANE": 0,
        "VALID": 0,
        "total": 100.02698231694586
    }
}