{
    "counter": {
        "ACTIVE": 2284,
        "INACTIVE": 9,
        "INVALID": 0,
        "MALICIOUS": 0,
        "SANE": 0,
        "VALID": 0,
        "total": 2293
    },
    "percentage": {
        "ACTIVE": 99.60750109027475,
        "INACTIVE": 0.5548705302096177,
        "INVALID": 0,
        "MALICIOUS": 0,
        "SANE": 0,
        "VALID": 0,
        "total": 100.16237162048436
    }
}