{
    "counter": {
        "ACTIVE": 2163,
        "INACTIVE": 8,
        "INVALID": 0,
        "MALICIOUS": 0,
        "SANE": 0,
        "VALID": 0,
        "total": 2171
    },
    "percentage": {
        "ACTIVE": 99.63150621833256,
        "INACTIVE": 1.1904761904761905,
        "INVALID": 0,
        "MALICIOUS": 0,
        "SANE": 0,
        "VALID": 0,
        "total": 100.82198240880875
    }
}