{
    "counter": {
        "ACTIVE": 2056,
        "INACTIVE": 7,
        "INVALID": 0,
        "MALICIOUS": 0,
        "SANE": 0,
        "VALID": 0,
        "total": 2063
    },
    "percentage": {
        "ACTIVE": 99.66068831798351,
        "INACTIVE": 0.3997715591090805,
        "INVALID": 0,
        "MALICIOUS": 0,
        "SANE": 0,
        "VALID": 0,
        "total": 100.0604598770926
    }
}