{
    "counter": {
        "ACTIVE": 215,
        "INACTIVE": 3,
        "INVALID": 0,
        "MALICIOUS": 0,
        "SANE": 0,
        "VALID": 0,
        "total": 218
    },
    "percentage": {
        "ACTIVE": 98.62385321100918,
        "INACTIVE": 1.5151515151515151,
        "INVALID": 0,
        "MALICIOUS": 0,
        "SANE": 0,
        "VALID": 0,
        "total": 100.13900472616069
    }
}