{
    "counter": {
        "ACTIVE": 2124,
        "INACTIVE": 10,
        "INVALID": 0,
        "MALICIOUS": 0,
        "SANE": 0,
        "VALID": 0,
        "total": 2134
    },
    "percentage": {
        "ACTIVE": 99.53139643861293,
        "INACTIVE": 0.6127450980392157,
        "INVALID": 0,
        "MALICIOUS": 0,
        "SANE": 0,
        "VALID": 0,
        "total": 100.14414153665214
    }
}