{
    "counter": {
        "ACTIVE": 837,
        "INACTIVE": 13,
        "INVALID": 0,
        "MALICIOUS": 0,
        "SANE": 0,
        "VALID": 0,
        "total": 850
    },
    "percentage": {
        "ACTIVE": 98.47058823529412,
        "INACTIVE": 1.6129032258064515,
        "INVALID": 0,
        "MALICIOUS": 0,
        "SANE": 0,
        "VALID": 0,
        "total": 100.08349146110056
    }
}