{
    "counter": {
        "ACTIVE": 502,
        "INACTIVE": 5,
        "INVALID": 0,
        "MALICIOUS": 0,
        "SANE": 0,
        "VALID": 0,
        "total": 507
    },
    "percentage": {
        "ACTIVE": 99.0138067061144,
        "INACTIVE": 1.1235955056179776,
        "INVALID": 0,
        "MALICIOUS": 0,
        "SANE": 0,
        "VALID": 0,
        "total": 100.13740221173236
    }
}