{
    "counter": {
        "ACTIVE": 1476,
        "INACTIVE": 10,
        "INVALID": 0,
        "MALICIOUS": 0,
        "SANE": 0,
        "VALID": 0,
        "total": 1486
    },
    "percentage": {
        "ACTIVE": 99.32705248990578,
        "INACTIVE": 1.1160714285714286,
        "INVALID": 0,
        "MALICIOUS": 0,
        "SANE": 0,
        "VALID": 0,
        "total": 100.44312391847721
    }
}