{
    "counter": {
        "ACTIVE": 378,
        "INACTIVE": 1,
        "INVALID": 0,
        "MALICIOUS": 0,
        "SANE": 0,
        "VALID": 0,
        "total": 379
    },
    "percentage": {
        "ACTIVE": 99.73614775725594,
        "INACTIVE": 0.3021148036253776,
        "INVALID": 0,
        "MALICIOUS": 0,
        "SANE": 0,
        "VALID": 0,
        "total": 100.03826256088131
    }
}