{
    "counter": {
        "ACTIVE": 2011,
        "INACTIVE": 7,
        "INVALID": 0,
        "MALICIOUS": 0,
        "SANE": 0,
        "VALID": 0,
        "total": 2018
    },
    "percentage": {
        "ACTIVE": 99.65312190287413,
        "INACTIVE": 0.4283965728274174,
        "INVALID": 0,
        "MALICIOUS": 0,
        "SANE": 0,
        "VALID": 0,
        "total": 100.08151847570156
    }
}