{
    "counter": {
        "ACTIVE": 391,
        "INACTIVE": 2,
        "INVALID": 0,
        "MALICIOUS": 0,
        "SANE": 0,
        "VALID": 0,
        "total": 393
    },
    "percentage": {
        "ACTIVE": 99.4910941475827,
        "INACTIVE": 1.4705882352941178,
        "INVALID": 0,
        "MALICIOUS": 0,
        "SANE": 0,
        "VALID": 0,
        "total": 100.96168238287682
    }
}