{
    "counter": {
        "ACTIVE": 2381,
        "INACTIVE": 6,
        "INVALID": 0,
        "MALICIOUS": 0,
        "SANE": 0,
        "VALID": 0,
        "total": 2387
    },
    "percentage": {
        "ACTIVE": 99.74863845831588,
        "INACTIVE": 0.34904013961605584,
        "INVALID": 0,
        "MALICIOUS": 0,
        "SANE": 0,
        "VALID": 0,
        "total": 100.09767859793193
    }
}