{
    "counter": {
        "ACTIVE": 1930,
        "INACTIVE": 3,
        "INVALID": 0,
        "MALICIOUS": 0,
        "SANE": 0,
        "VALID": 0,
        "total": 1933
    },
    "percentage": {
        "ACTIVE": 99.84480082772892,
        "INACTIVE": 0.33707865168539325,
        "INVALID": 0,
        "MALICIOUS": 0,
        "SANE": 0,
        "VALID": 0,
        "total": 100.1818794794143
    }
}