{
    "counter": {
        "ACTIVE": 1294,
        "INACTIVE": 10,
        "INVALID": 0,
        "MALICIOUS": 0,
        "SANE": 0,
        "VALID": 0,
        "total": 1304
    },
    "percentage": {
        "ACTIVE": 99.23312883435582,
        "INACTIVE": 0.8496176720475785,
        "INVALID": 0,
        "MALICIOUS": 0,
        "SANE": 0,
        "VALID": 0,
        "total": 100.0827465064034
    }
}