{
    "counter": {
        "ACTIVE": 1889,
        "INACTIVE": 8,
        "INVALID": 0,
        "MALICIOUS": 0,
        "SANE": 0,
        "VALID": 0,
        "total": 1897
    },
    "percentage": {
        "ACTIVE": 99.57828149710069,
        "INACTIVE": 0.4479283314669653,
        "INVALID": 0,
        "MALICIOUS": 0,
        "SANE": 0,
        "VALID": 0,
        "total": 100.02620982856766
    }
}