{
    "counter": {
        "ACTIVE": 2066,
        "INACTIVE": 5,
        "INVALID": 0,
        "MALICIOUS": 0,
        "SANE": 0,
        "VALID": 0,
        "total": 2071
    },
    "percentage": {
        "ACTIVE": 99.75857073877354,
        "INACTIVE": 0.26666666666666666,
        "INVALID": 0,
        "MALICIOUS": 0,
        "SANE": 0,
        "VALID": 0,
        "total": 100.02523740544021
    }
}