{
    "counter": {
        "ACTIVE": 1870,
        "INACTIVE": 6,
        "INVALID": 0,
        "MALICIOUS": 0,
        "SANE": 0,
        "VALID": 0,
        "total": 1876
    },
    "percentage": {
        "ACTIVE": 99.68017057569297,
        "INACTIVE": 0.34944670937682004,
        "INVALID": 0,
        "MALICIOUS": 0,
        "SANE": 0,
        "VALID": 0,
        "total": 100.02961728506979
    }
}