{
    "counter": {
        "ACTIVE": 2377,
        "INACTIVE": 11,
        "INVALID": 0,
        "MALICIOUS": 0,
        "SANE": 0,
        "VALID": 0,
        "total": 2388
    },
    "percentage": {
        "ACTIVE": 99.5393634840871,
        "INACTIVE": 0.5841741901221456,
        "INVALID": 0,
        "MALICIOUS": 0,
        "SANE": 0,
        "VALID": 0,
        "total": 100.12353767420925
    }
}