{
    "counter": {
        "ACTIVE": 467,
        "INACTIVE": 6,
        "INVALID": 0,
        "MALICIOUS": 0,
        "SANE": 0,
        "VALID": 0,
        "total": 473
    },
    "percentage": {
        "ACTIVE": 98.73150105708245,
        "INACTIVE": 1.4184397163120568,
        "INVALID": 0,
        "MALICIOUS": 0,
        "SANE": 0,
        "VALID": 0,
        "total": 100.1499407733945
    }
}