{
    "counter": {
        "ACTIVE": 1191,
        "INACTIVE": 3,
        "INVALID": 0,
        "MALICIOUS": 0,
        "SANE": 0,
        "VALID": 0,
        "total": 1194
    },
    "percentage": {
        "ACTIVE": 99.74874371859296,
        "INACTIVE": 0.6185567010309279,
        "INVALID": 0,
        "MALICIOUS": 0,
        "SANE": 0,
        "VALID": 0,
        "total": 100.36730041962389
    }
}