{
    "counter": {
        "ACTIVE": 1586,
        "INACTIVE": 8,
        "INVALID": 0,
        "MALICIOUS": 0,
        "SANE": 0,
        "VALID": 0,
        "total": 1594
    },
    "percentage": {
        "ACTIVE": 99.49811794228356,
        "INACTIVE": 0.7326007326007326,
        "INVALID": 0,
        "MALICIOUS": 0,
        "SANE": 0,
        "VALID": 0,
        "total": 100.23071867488429
    }
}