{
    "counter": {
        "ACTIVE": 2197,
        "INACTIVE": 8,
        "INVALID": 0,
        "MALICIOUS": 0,
        "SANE": 0,
        "VALID": 0,
        "total": 2205
    },
    "percentage": {
        "ACTIVE": 99.63718820861678,
        "INACTIVE": 0.4836759371221282,
        "INVALID": 0,
        "MALICIOUS": 0,
        "SANE": 0,
        "VALID": 0,
        "total": 100.1208641457389
    }
}