{
    "counter": {
        "ACTIVE": 2367,
        "INACTIVE": 8,
        "INVALID": 0,
        "MALICIOUS": 0,
        "SANE": 0,
        "VALID": 0,
        "total": 2375
    },
    "percentage": {
        "ACTIVE": 99.66315789473684,
        "INACTIVE": 0.46296296296296297,
        "INVALID": 0,
        "MALICIOUS": 0,
        "SANE": 0,
        "VALID": 0,
        "total": 100.1261208576998
    }
}