{
    "counter": {
        "ACTIVE": 1678,
        "INACTIVE": 5,
        "INVALID": 0,
        "MALICIOUS": 0,
        "SANE": 0,
        "VALID": 0,
        "total": 1683
    },
    "percentage": {
        "ACTIVE": 99.70291146761735,
        "INACTIVE": 0.4230118443316413,
        "INVALID": 0,
        "MALICIOUS": 0,
        "SANE": 0,
        "VALID": 0,
        "total": 100.125923311949
    }
}