{
    "counter": {
        "ACTIVE": 500,
        "INACTIVE": 4,
        "INVALID": 0,
        "MALICIOUS": 0,
        "SANE": 0,
        "VALID": 0,
        "total": 504
    },
    "percentage": {
        "ACTIVE": 99.2063492063492,
        "INACTIVE": 1.0471204188481675,
        "INVALID": 0,
        "MALICIOUS": 0,
        "SANE": 0,
        "VALID": 0,
        "total": 100.25346962519737
    }
}