{
    "counter": {
        "ACTIVE": 2161,
        "INACTIVE": 8,
        "INVALID": 0,
        "MALICIOUS": 0,
        "SANE": 0,
        "VALID": 0,
        "total": 2169
    },
    "percentage": {
        "ACTIVE": 99.63116643614569,
        "INACTIVE": 0.4839685420447671,
        "INVALID": 0,
        "MALICIOUS": 0,
        "SANE": 0,
        "VALID": 0,
        "total": 100.11513497819045
    }
}