{
    "counter": {
        "ACTIVE": 2384,
        "INACTIVE": 13,
        "INVALID": 0,
        "MALICIOUS": 0,
        "SANE": 0,
        "VALID": 0,
        "total": 2397
    },
    "percentage": {
        "ACTIVE": 99.45765540258657,
        "INACTIVE": 0.5952380952380952,
        "INVALID": 0,
        "MALICIOUS": 0,
        "SANE": 0,
        "VALID": 0,
        "total": 100.05289349782467
    }
}