{
    "counter": {
        "ACTIVE": 796,
        "INACTIVE": 3,
        "INVALID": 0,
        "MALICIOUS": 0,
        "SANE": 0,
        "VALID": 0,
        "total": 799
    },
    "percentage": {
        "ACTIVE": 99.62453066332917,
        "INACTIVE": 0.8875739644970414,
        "INVALID": 0,
        "MALICIOUS": 0,
        "SANE": 0,
        "VALID": 0,
        "total": 100.5121046278262
    }
}