{
    "counter": {
        "ACTIVE": 1086,
        "INACTIVE": 9,
        "INVALID": 0,
        "MALICIOUS": 0,
        "SANE": 0,
        "VALID": 0,
        "total": 1095
    },
    "percentage": {
        "ACTIVE": 99.17808219178082,
        "INACTIVE": 1.1221945137157108,
        "INVALID": 0,
        "MALICIOUS": 0,
        "SANE": 0,
        "VALID": 0,
        "total": 100.30027670549653
    }
}