{
    "counter": {
        "ACTIVE": 2360,
        "INACTIVE": 8,
        "INVALID": 0,
        "MALICIOUS": 0,
        "SANE": 0,
        "VALID": 0,
        "total": 2368
    },
    "percentage": {
        "ACTIVE": 99.66216216216216,
        "INACTIVE": 0.46296296296296297,
        "INVALID": 0,
        "MALICIOUS": 0,
        "SANE": 0,
        "VALID": 0,
        "total": 100.12512512512512
    }
}