{
    "counter": {
        "ACTIVE": 2194,
        "INACTIVE": 5,
        "INVALID": 0,
        "MALICIOUS": 0,
        "SANE": 0,
        "VALID": 0,
        "total": 2199
    },
    "percentage": {
        "ACTIVE": 99.77262391996362,
        "INACTIVE": 0.3477051460361613,
        "INVALID": 0,
        "MALICIOUS": 0,
        "SANE": 0,
        "VALID": 0,
        "total": 100.12032906599978
    }
}