{
    "counter": {
        "ACTIVE": 686,
        "INACTIVE": 6,
        "INVALID": 0,
        "MALICIOUS": 0,
        "SANE": 0,
        "VALID": 0,
        "total": 692
    },
    "percentage": {
        "ACTIVE": 99.13294797687861,
        "INACTIVE": 1.345291479820628,
        "INVALID": 0,
        "MALICIOUS": 0,
        "SANE": 0,
        "VALID": 0,
        "total": 100.47823945669924
    }
}