{
    "counter": {
        "ACTIVE": 2115,
        "INACTIVE": 7,
        "INVALID": 0,
        "MALICIOUS": 0,
        "SANE": 0,
        "VALID": 0,
        "total": 2122
    },
    "percentage": {
        "ACTIVE": 99.67012252591894,
        "INACTIVE": 0.43103448275862066,
        "INVALID": 0,
        "MALICIOUS": 0,
        "SANE": 0,
        "VALID": 0,
        "total": 100.10115700867756
    }
}