{
    "counter": {
        "ACTIVE": 850,
        "INACTIVE": 6,
        "INVALID": 0,
        "MALICIOUS": 0,
        "SANE": 0,
        "VALID": 0,
        "total": 856
    },
    "percentage": {
        "ACTIVE": 99.29906542056075,
        "INACTIVE": 1.3100436681222707,
        "INVALID": 0,
        "MALICIOUS": 0,
        "SANE": 0,
        "VALID": 0,
        "total": 100.60910908868303
    }
}