{
    "counter": {
        "ACTIVE": 319,
        "INACTIVE": 2,
        "INVALID": 0,
        "MALICIOUS": 0,
        "SANE": 0,
        "VALID": 0,
        "total": 321
    },
    "percentage": {
        "ACTIVE": 99.37694704049844,
        "INACTIVE": 1.8018018018018018,
        "INVALID": 0,
        "MALICIOUS": 0,
        "SANE": 0,
        "VALID": 0,
        "total": 101.17874884230024
    }
}