{
    "counter": {
        "ACTIVE": 1066,
        "INACTIVE": 10,
        "INVALID": 0,
        "MALICIOUS": 0,
        "SANE": 0,
        "VALID": 0,
        "total": 1076
    },
    "percentage": {
        "ACTIVE": 99.07063197026022,
        "INACTIVE": 1.0204081632653061,
        "INVALID": 0,
        "MALICIOUS": 0,
        "SANE": 0,
        "VALID": 0,
        "total": 100.09104013352552
    }
}