{
    "counter": {
        "ACTIVE": 2052,
        "INACTIVE": 3,
        "INVALID": 0,
        "MALICIOUS": 0,
        "SANE": 0,
        "VALID": 0,
        "total": 2055
    },
    "percentage": {
        "ACTIVE": 99.85401459854015,
        "INACTIVE": 0.8108108108108109,
        "INVALID": 0,
        "MALICIOUS": 0,
        "SANE": 0,
        "VALID": 0,
        "total": 100.66482540935095
    }
}