{
    "counter": {
        "ACTIVE": 1557,
        "INACTIVE": 1,
        "INVALID": 0,
        "MALICIOUS": 0,
        "SANE": 0,
        "VALID": 0,
        "total": 1558
    },
    "percentage": {
        "ACTIVE": 99.93581514762516,
        "INACTIVE": 0.11600928074245939,
        "INVALID": 0,
        "MALICIOUS": 0,
        "SANE": 0,
        "VALID": 0,
        "total": 100.05182442836762
    }
}