{
    "counter": {
        "ACTIVE": 481,
        "INACTIVE": 5,
        "INVALID": 0,
        "MALICIOUS": 0,
        "SANE": 0,
        "VALID": 0,
        "total": 486
    },
    "percentage": {
        "ACTIVE": 98.97119341563786,
        "INACTIVE": 1.2019230769230769,
        "INVALID": 0,
        "MALICIOUS": 0,
        "SANE": 0,
        "VALID": 0,
        "total": 100.17311649256094
    }
}