{
    "counter": {
        "ACTIVE": 1800,
        "INACTIVE": 5,
        "INVALID": 0,
        "MALICIOUS": 0,
        "SANE": 0,
        "VALID": 0,
        "total": 1805
    },
    "percentage": {
        "ACTIVE": 99.7229916897507,
        "INACTIVE": 0.4570383912248629,
        "INVALID": 0,
        "MALICIOUS": 0,
        "SANE": 0,
        "VALID": 0,
        "total": 100.18003008097556
    }
}