{
    "counter": {
        "ACTIVE": 1619,
        "INACTIVE": 3,
        "INVALID": 0,
        "MALICIOUS": 0,
        "SANE": 0,
        "VALID": 0,
        "total": 1622
    },
    "percentage": {
        "ACTIVE": 99.8150431565968,
        "INACTIVE": 0.6147540983606558,
        "INVALID": 0,
        "MALICIOUS": 0,
        "SANE": 0,
        "VALID": 0,
        "total": 100.42979725495745
    }
}