{
    "counter": {
        "ACTIVE": 2102,
        "INACTIVE": 11,
        "INVALID": 0,
        "MALICIOUS": 0,
        "SANE": 0,
        "VALID": 0,
        "total": 2113
    },
    "percentage": {
        "ACTIVE": 99.47941315664931,
        "INACTIVE": 0.6731946144430845,
        "INVALID": 0,
        "MALICIOUS": 0,
        "SANE": 0,
        "VALID": 0,
        "total": 100.1526077710924
    }
}