{
    "counter": {
        "ACTIVE": 236,
        "INACTIVE": 2,
        "INVALID": 0,
        "MALICIOUS": 0,
        "SANE": 0,
        "VALID": 0,
        "total": 238
    },
    "percentage": {
        "ACTIVE": 99.15966386554622,
        "INACTIVE": 0.9615384615384616,
        "INVALID": 0,
        "MALICIOUS": 0,
        "SANE": 0,
        "VALID": 0,
        "total": 100.12120232708469
    }
}