{
    "counter": {
        "ACTIVE": 1370,
        "INACTIVE": 8,
        "INVALID": 0,
        "MALICIOUS": 0,
        "SANE": 0,
        "VALID": 0,
        "total": 1378
    },
    "percentage": {
        "ACTIVE": 99.41944847605225,
        "INACTIVE": 0.9975062344139651,
        "INVALID": 0,
        "MALICIOUS": 0,
        "SANE": 0,
        "VALID": 0,
        "total": 100.41695471046621
    }
}