{
    "counter": {
        "ACTIVE": 1293,
        "INACTIVE": 8,
        "INVALID": 0,
        "MALICIOUS": 0,
        "SANE": 0,
        "VALID": 0,
        "total": 1301
    },
    "percentage": {
        "ACTIVE": 99.38508839354343,
        "INACTIVE": 1.0025062656641603,
        "INVALID": 0,
        "MALICIOUS": 0,
        "SANE": 0,
        "VALID": 0,
        "total": 100.3875946592076
    }
}