{
    "counter": {
        "ACTIVE": 1899,
        "INACTIVE": 8,
        "INVALID": 0,
        "MALICIOUS": 0,
        "SANE": 0,
        "VALID": 0,
        "total": 1907
    },
    "percentage": {
        "ACTIVE": 99.58049292081805,
        "INACTIVE": 0.48632218844984804,
        "INVALID": 0,
        "MALICIOUS": 0,
        "SANE": 0,
        "VALID": 0,
        "total": 100.06681510926789
    }
}