{
    "counter": {
        "ACTIVE": 1475,
        "INACTIVE": 8,
        "INVALID": 0,
        "MALICIOUS": 0,
        "SANE": 0,
        "VALID": 0,
        "total": 1483
    },
    "percentage": {
        "ACTIVE": 99.46055293324342,
        "INACTIVE": 0.6446414182111201,
        "INVALID": 0,
        "MALICIOUS": 0,
        "SANE": 0,
        "VALID": 0,
        "total": 100.10519435145454
    }
}