{
    "counter": {
        "ACTIVE": 872,
        "INACTIVE": 10,
        "INVALID": 0,
        "MALICIOUS": 0,
        "SANE": 0,
        "VALID": 0,
        "total": 882
    },
    "percentage": {
        "ACTIVE": 98.86621315192744,
        "INACTIVE": 1.2531328320802004,
        "INVALID": 0,
        "MALICIOUS": 0,
        "SANE": 0,
        "VALID": 0,
        "total": 100.11934598400764
    }
}