{
    "counter": {
        "ACTIVE": 741,
        "INACTIVE": 7,
        "INVALID": 0,
        "MALICIOUS": 0,
        "SANE": 0,
        "VALID": 0,
        "total": 748
    },
    "percentage": {
        "ACTIVE": 99.06417112299465,
        "INACTIVE": 0.9628610729023384,
        "INVALID": 0,
        "MALICIOUS": 0,
        "SANE": 0,
        "VALID": 0,
        "total": 100.027032195897
    }
}