{
    "counter": {
        "ACTIVE": 2371,
        "INACTIVE": 8,
        "INVALID": 0,
        "MALICIOUS": 0,
        "SANE": 0,
        "VALID": 0,
        "total": 2379
    },
    "percentage": {
        "ACTIVE": 99.66372425388819,
        "INACTIVE": 0.4058853373921867,
        "INVALID": 0,
        "MALICIOUS": 0,
        "SANE": 0,
        "VALID": 0,
        "total": 100.06960959128038
    }
}