{
    "counter": {
        "ACTIVE": 1369,
        "INACTIVE": 8,
        "INVALID": 0,
        "MALICIOUS": 0,
        "SANE": 0,
        "VALID": 0,
        "total": 1377
    },
    "percentage": {
        "ACTIVE": 99.41902687000726,
        "INACTIVE": 0.6762468300929839,
        "INVALID": 0,
        "MALICIOUS": 0,
        "SANE": 0,
        "VALID": 0,
        "total": 100.09527370010024
    }
}