{
    "counter": {
        "ACTIVE": 1656,
        "INACTIVE": 7,
        "INVALID": 0,
        "MALICIOUS": 0,
        "SANE": 0,
        "VALID": 0,
        "total": 1663
    },
    "percentage": {
        "ACTIVE": 99.57907396271798,
        "INACTIVE": 0.4283965728274174,
        "INVALID": 0,
        "MALICIOUS": 0,
        "SANE": 0,
        "VALID": 0,
        "total": 100.00747053554541
    }
}