{
    "counter": {
        "ACTIVE": 376,
        "INACTIVE": 2,
        "INVALID": 0,
        "MALICIOUS": 0,
        "SANE": 0,
        "VALID": 0,
        "total": 378
    },
    "percentage": {
        "ACTIVE": 99.47089947089947,
        "INACTIVE": 1.7094017094017093,
        "INVALID": 0,
        "MALICIOUS": 0,
        "SANE": 0,
        "VALID": 0,
        "total": 101.18030118030117
    }
}