{
    "counter": {
        "ACTIVE": 1643,
        "INACTIVE": 11,
        "INVALID": 0,
        "MALICIOUS": 0,
        "SANE": 0,
        "VALID": 0,
        "total": 1654
    },
    "percentage": {
        "ACTIVE": 99.33494558645707,
        "INACTIVE": 0.6695069993913573,
        "INVALID": 0,
        "MALICIOUS": 0,
        "SANE": 0,
        "VALID": 0,
        "total": 100.00445258584843
    }
}