{
    "counter": {
        "ACTIVE": 2146,
        "INACTIVE": 9,
        "INVALID": 0,
        "MALICIOUS": 0,
        "SANE": 0,
        "VALID": 0,
        "total": 2155
    },
    "percentage": {
        "ACTIVE": 99.58236658932715,
        "INACTIVE": 0.522344747533372,
        "INVALID": 0,
        "MALICIOUS": 0,
        "SANE": 0,
        "VALID": 0,
        "total": 100.10471133686052
    }
}