{
    "counter": {
        "ACTIVE": 2179,
        "INACTIVE": 5,
        "INVALID": 0,
        "MALICIOUS": 0,
        "SANE": 0,
        "VALID": 0,
        "total": 2184
    },
    "percentage": {
        "ACTIVE": 99.77106227106228,
        "INACTIVE": 0.26567481402763016,
        "INVALID": 0,
        "MALICIOUS": 0,
        "SANE": 0,
        "VALID": 0,
        "total": 100.03673708508991
    }
}