{
    "counter": {
        "ACTIVE": 1149,
        "INACTIVE": 4,
        "INVALID": 0,
        "MALICIOUS": 0,
        "SANE": 0,
        "VALID": 0,
        "total": 1153
    },
    "percentage": {
        "ACTIVE": 99.65307892454467,
        "INACTIVE": 0.3646308113035551,
        "INVALID": 0,
        "MALICIOUS": 0,
        "SANE": 0,
        "VALID": 0,
        "total": 100.01770973584823
    }
}