{
    "counter": {
        "ACTIVE": 362,
        "INACTIVE": 5,
        "INVALID": 0,
        "MALICIOUS": 0,
        "SANE": 0,
        "VALID": 0,
        "total": 367
    },
    "percentage": {
        "ACTIVE": 98.6376021798365,
        "INACTIVE": 1.607717041800643,
        "INVALID": 0,
        "MALICIOUS": 0,
        "SANE": 0,
        "VALID": 0,
        "total": 100.24531922163715
    }
}