{
    "counter": {
        "ACTIVE": 197,
        "INACTIVE": 1,
        "INVALID": 0,
        "MALICIOUS": 0,
        "SANE": 0,
        "VALID": 0,
        "total": 198
    },
    "percentage": {
        "ACTIVE": 99.4949494949495,
        "INACTIVE": 0.5076142131979695,
        "INVALID": 0,
        "MALICIOUS": 0,
        "SANE": 0,
        "VALID": 0,
        "total": 100.00256370814746
    }
}