{
    "counter": {
        "ACTIVE": 1342,
        "INACTIVE": 6,
        "INVALID": 0,
        "MALICIOUS": 0,
        "SANE": 0,
        "VALID": 0,
        "total": 1348
    },
    "percentage": {
        "ACTIVE": 99.55489614243324,
        "INACTIVE": 0.9771986970684039,
        "INVALID": 0,
        "MALICIOUS": 0,
        "SANE": 0,
        "VALID": 0,
        "total": 100.53209483950164
    }
}