{
    "counter": {
        "ACTIVE": 2011,
        "INACTIVE": 4,
        "INVALID": 0,
        "MALICIOUS": 0,
        "SANE": 0,
        "VALID": 0,
        "total": 2015
    },
    "percentage": {
        "ACTIVE": 99.8014888337469,
        "INACTIVE": 0.7858546168958742,
        "INVALID": 0,
        "MALICIOUS": 0,
        "SANE": 0,
        "VALID": 0,
        "total": 100.58734345064278
    }
}