{
    "counter": {
        "ACTIVE": 3388,
        "INACTIVE": 4,
        "INVALID": 0,
        "MALICIOUS": 0,
        "SANE": 0,
        "VALID": 0,
        "total": 3392
    },
    "percentage": {
        "ACTIVE": 99.88207547169812,
        "INACTIVE": 0.3401360544217687,
        "INVALID": 0,
        "MALICIOUS": 0,
        "SANE": 0,
        "VALID": 0,
        "total": 100.22221152611988
    }
}