{
    "counter": {
        "ACTIVE": 488,
        "INACTIVE": 6,
        "INVALID": 0,
        "MALICIOUS": 0,
        "SANE": 0,
        "VALID": 0,
        "total": 494
    },
    "percentage": {
        "ACTIVE": 98.78542510121457,
        "INACTIVE": 1.3043478260869565,
        "INVALID": 0,
        "MALICIOUS": 0,
        "SANE": 0,
        "VALID": 0,
        "total": 100.08977292730152
    }
}