{
    "counter": {
        "ACTIVE": 915,
        "INACTIVE": 1,
        "INVALID": 0,
        "MALICIOUS": 0,
        "SANE": 0,
        "VALID": 0,
        "total": 916
    },
    "percentage": {
        "ACTIVE": 99.89082969432314,
        "INACTIVE": 0.186219739292365,
        "INVALID": 0,
        "MALICIOUS": 0,
        "SANE": 0,
        "VALID": 0,
        "total": 100.07704943361551
    }
}