{
    "counter": {
        "ACTIVE": 2078,
        "INACTIVE": 14,
        "INVALID": 0,
        "MALICIOUS": 0,
        "SANE": 0,
        "VALID": 0,
        "total": 2092
    },
    "percentage": {
        "ACTIVE": 99.33078393881453,
        "INACTIVE": 1.2601260126012601,
        "INVALID": 0,
        "MALICIOUS": 0,
        "SANE": 0,
        "VALID": 0,
        "total": 100.5909099514158
    }
}