{
    "counter": {
        "ACTIVE": 1600,
        "INACTIVE": 12,
        "INVALID": 0,
        "MALICIOUS": 0,
        "SANE": 0,
        "VALID": 0,
        "total": 1612
    },
    "percentage": {
        "ACTIVE": 99.25558312655087,
        "INACTIVE": 1.087941976427924,
        "INVALID": 0,
        "MALICIOUS": 0,
        "SANE": 0,
        "VALID": 0,
        "total": 100.3435251029788
    }
}