{
    "counter": {
        "ACTIVE": 888,
        "INACTIVE": 9,
        "INVALID": 0,
        "MALICIOUS": 0,
        "SANE": 0,
        "VALID": 0,
        "total": 897
    },
    "percentage": {
        "ACTIVE": 98.99665551839465,
        "INACTIVE": 1.0575793184488838,
        "INVALID": 0,
        "MALICIOUS": 0,
        "SANE": 0,
        "VALID": 0,
        "total": 100.05423483684353
    }
}