{
    "counter": {
        "ACTIVE": 660,
        "INACTIVE": 5,
        "INVALID": 0,
        "MALICIOUS": 0,
        "SANE": 0,
        "VALID": 0,
        "total": 665
    },
    "percentage": {
        "ACTIVE": 99.24812030075188,
        "INACTIVE": 1.0869565217391304,
        "INVALID": 0,
        "MALICIOUS": 0,
        "SANE": 0,
        "VALID": 0,
        "total": 100.335076822491
    }
}