{
    "counter": {
        "ACTIVE": 1315,
        "INACTIVE": 9,
        "INVALID": 0,
        "MALICIOUS": 0,
        "SANE": 0,
        "VALID": 0,
        "total": 1324
    },
    "percentage": {
        "ACTIVE": 99.3202416918429,
        "INACTIVE": 1.1349306431273645,
        "INVALID": 0,
        "MALICIOUS": 0,
        "SANE": 0,
        "VALID": 0,
        "total": 100.45517233497026
    }
}