{
    "counter": {
        "ACTIVE": 1117,
        "INACTIVE": 6,
        "INVALID": 0,
        "MALICIOUS": 0,
        "SANE": 0,
        "VALID": 0,
        "total": 1123
    },
    "percentage": {
        "ACTIVE": 99.46571682991986,
        "INACTIVE": 0.5474452554744526,
        "INVALID": 0,
        "MALICIOUS": 0,
        "SANE": 0,
        "VALID": 0,
        "total": 100.01316208539431
    }
}