{
    "counter": {
        "ACTIVE": 985,
        "INACTIVE": 5,
        "INVALID": 0,
        "MALICIOUS": 0,
        "SANE": 0,
        "VALID": 0,
        "total": 990
    },
    "percentage": {
        "ACTIVE": 99.4949494949495,
        "INACTIVE": 0.8143322475570033,
        "INVALID": 0,
        "MALICIOUS": 0,
        "SANE": 0,
        "VALID": 0,
        "total": 100.3092817425065
    }
}