{
    "counter": {
        "ACTIVE": 2047,
        "INACTIVE": 7,
        "INVALID": 0,
        "MALICIOUS": 0,
        "SANE": 0,
        "VALID": 0,
        "total": 2054
    },
    "percentage": {
        "ACTIVE": 99.65920155793573,
        "INACTIVE": 0.4025301897642323,
        "INVALID": 0,
        "MALICIOUS": 0,
        "SANE": 0,
        "VALID": 0,
        "total": 100.06173174769997
    }
}