{
    "counter": {
        "ACTIVE": 2375,
        "INACTIVE": 5,
        "INVALID": 0,
        "MALICIOUS": 0,
        "SANE": 0,
        "VALID": 0,
        "total": 2380
    },
    "percentage": {
        "ACTIVE": 99.78991596638656,
        "INACTIVE": 0.2895193977996526,
        "INVALID": 0,
        "MALICIOUS": 0,
        "SANE": 0,
        "VALID": 0,
        "total": 100.07943536418621
    }
}