{
    "counter": {
        "ACTIVE": 2280,
        "INACTIVE": 3,
        "INVALID": 0,
        "MALICIOUS": 0,
        "SANE": 0,
        "VALID": 0,
        "total": 2283
    },
    "percentage": {
        "ACTIVE": 99.86859395532194,
        "INACTIVE": 0.8108108108108109,
        "INVALID": 0,
        "MALICIOUS": 0,
        "SANE": 0,
        "VALID": 0,
        "total": 100.67940476613275
    }
}