{
    "counter": {
        "ACTIVE": 2080,
        "INACTIVE": 10,
        "INVALID": 0,
        "MALICIOUS": 0,
        "SANE": 0,
        "VALID": 0,
        "total": 2090
    },
    "percentage": {
        "ACTIVE": 99.52153110047847,
        "INACTIVE": 0.5446623093681917,
        "INVALID": 0,
        "MALICIOUS": 0,
        "SANE": 0,
        "VALID": 0,
        "total": 100.06619340984666
    }
}