{
    "counter": {
        "ACTIVE": 1305,
        "INACTIVE": 12,
        "INVALID": 0,
        "MALICIOUS": 0,
        "SANE": 0,
        "VALID": 0,
        "total": 1317
    },
    "percentage": {
        "ACTIVE": 99.08883826879271,
        "INACTIVE": 1.08010801080108,
        "INVALID": 0,
        "MALICIOUS": 0,
        "SANE": 0,
        "VALID": 0,
        "total": 100.1689462795938
    }
}