{
    "counter": {
        "ACTIVE": 602,
        "INACTIVE": 3,
        "INVALID": 0,
        "MALICIOUS": 0,
        "SANE": 0,
        "VALID": 0,
        "total": 605
    },
    "percentage": {
        "ACTIVE": 99.50413223140495,
        "INACTIVE": 0.6802721088435374,
        "INVALID": 0,
        "MALICIOUS": 0,
        "SANE": 0,
        "VALID": 0,
        "total": 100.18440434024849
    }
}