{
    "counter": {
        "ACTIVE": 2120,
        "INACTIVE": 8,
        "INVALID": 0,
        "MALICIOUS": 0,
        "SANE": 0,
        "VALID": 0,
        "total": 2128
    },
    "percentage": {
        "ACTIVE": 99.62406015037594,
        "INACTIVE": 0.7312614259597806,
        "INVALID": 0,
        "MALICIOUS": 0,
        "SANE": 0,
        "VALID": 0,
        "total": 100.35532157633573
    }
}