{
    "counter": {
        "ACTIVE": 1421,
        "INACTIVE": 5,
        "INVALID": 0,
        "MALICIOUS": 0,
        "SANE": 0,
        "VALID": 0,
        "total": 1426
    },
    "percentage": {
        "ACTIVE": 99.64936886395512,
        "INACTIVE": 0.6337135614702155,
        "INVALID": 0,
        "MALICIOUS": 0,
        "SANE": 0,
        "VALID": 0,
        "total": 100.28308242542533
    }
}