{
    "counter": {
        "ACTIVE": 1352,
        "INACTIVE": 2,
        "INVALID": 0,
        "MALICIOUS": 0,
        "SANE": 0,
        "VALID": 0,
        "total": 1354
    },
    "percentage": {
        "ACTIVE": 99.85228951255539,
        "INACTIVE": 0.17286084701815038,
        "INVALID": 0,
        "MALICIOUS": 0,
        "SANE": 0,
        "VALID": 0,
        "total": 100.02515035957354
    }
}