{
    "counter": {
        "ACTIVE": 832,
        "INACTIVE": 3,
        "INVALID": 0,
        "MALICIOUS": 0,
        "SANE": 0,
        "VALID": 0,
        "total": 835
    },
    "percentage": {
        "ACTIVE": 99.64071856287426,
        "INACTIVE": 0.5328596802841918,
        "INVALID": 0,
        "MALICIOUS": 0,
        "SANE": 0,
        "VALID": 0,
        "total": 100.17357824315845
    }
}