{
    "counter": {
        "ACTIVE": 814,
        "INACTIVE": 5,
        "INVALID": 0,
        "MALICIOUS": 0,
        "SANE": 0,
        "VALID": 0,
        "total": 819
    },
    "percentage": {
        "ACTIVE": 99.38949938949939,
        "INACTIVE": 1.079913606911447,
        "INVALID": 0,
        "MALICIOUS": 0,
        "SANE": 0,
        "VALID": 0,
        "total": 100.46941299641084
    }
}