{
    "counter": {
        "ACTIVE": 1960,
        "INACTIVE": 18,
        "INVALID": 0,
        "MALICIOUS": 0,
        "SANE": 0,
        "VALID": 0,
        "total": 1978
    },
    "percentage": {
        "ACTIVE": 99.08998988877654,
        "INACTIVE": 0.9287925696594427,
        "INVALID": 0,
        "MALICIOUS": 0,
        "SANE": 0,
        "VALID": 0,
        "total": 100.01878245843598
    }
}