{
    "counter": {
        "ACTIVE": 2039,
        "INACTIVE": 9,
        "INVALID": 0,
        "MALICIOUS": 0,
        "SANE": 0,
        "VALID": 0,
        "total": 2048
    },
    "percentage": {
        "ACTIVE": 99.560546875,
        "INACTIVE": 0.5548705302096177,
        "INVALID": 0,
        "MALICIOUS": 0,
        "SANE": 0,
        "VALID": 0,
        "total": 100.11541740520961
    }
}