{
    "counter": {
        "ACTIVE": 1737,
        "INACTIVE": 7,
        "INVALID": 0,
        "MALICIOUS": 0,
        "SANE": 0,
        "VALID": 0,
        "total": 1744
    },
    "percentage": {
        "ACTIVE": 99.59862385321101,
        "INACTIVE": 0.4219409282700422,
        "INVALID": 0,
        "MALICIOUS": 0,
        "SANE": 0,
        "VALID": 0,
        "total": 100.02056478148106
    }
}