{
    "counter": {
        "ACTIVE": 850,
        "INACTIVE": 5,
        "INVALID": 0,
        "MALICIOUS": 0,
        "SANE": 0,
        "VALID": 0,
        "total": 855
    },
    "percentage": {
        "ACTIVE": 99.41520467836257,
        "INACTIVE": 0.6045949214026602,
        "INVALID": 0,
        "MALICIOUS": 0,
        "SANE": 0,
        "VALID": 0,
        "total": 100.01979959976524
    }
}