{
    "counter": {
        "ACTIVE": 828,
        "INACTIVE": 12,
        "INVALID": 0,
        "MALICIOUS": 0,
        "SANE": 0,
        "VALID": 0,
        "total": 840
    },
    "percentage": {
        "ACTIVE": 98.57142857142857,
        "INACTIVE": 1.4906832298136645,
        "INVALID": 0,
        "MALICIOUS": 0,
        "SANE": 0,
        "VALID": 0,
        "total": 100.06211180124224
    }
}