{
    "counter": {
        "ACTIVE": 1552,
        "INACTIVE": 15,
        "INVALID": 0,
        "MALICIOUS": 0,
        "SANE": 0,
        "VALID": 0,
        "total": 1567
    },
    "percentage": {
        "ACTIVE": 99.0427568602425,
        "INACTIVE": 1.202886928628709,
        "INVALID": 0,
        "MALICIOUS": 0,
        "SANE": 0,
        "VALID": 0,
        "total": 100.24564378887122
    }
}