{
    "counter": {
        "ACTIVE": 2048,
        "INACTIVE": 8,
        "INVALID": 0,
        "MALICIOUS": 0,
        "SANE": 0,
        "VALID": 0,
        "total": 2056
    },
    "percentage": {
        "ACTIVE": 99.61089494163424,
        "INACTIVE": 0.48869883934025654,
        "INVALID": 0,
        "MALICIOUS": 0,
        "SANE": 0,
        "VALID": 0,
        "total": 100.0995937809745
    }
}