{
    "counter": {
        "ACTIVE": 661,
        "INACTIVE": 2,
        "INVALID": 0,
        "MALICIOUS": 0,
        "SANE": 0,
        "VALID": 0,
        "total": 663
    },
    "percentage": {
        "ACTIVE": 99.69834087481146,
        "INACTIVE": 0.38022813688212925,
        "INVALID": 0,
        "MALICIOUS": 0,
        "SANE": 0,
        "VALID": 0,
        "total": 100.07856901169359
    }
}