{
    "counter": {
        "ACTIVE": 1853,
        "INACTIVE": 2,
        "INVALID": 0,
        "MALICIOUS": 0,
        "SANE": 0,
        "VALID": 0,
        "total": 1855
    },
    "percentage": {
        "ACTIVE": 99.8921832884097,
        "INACTIVE": 0.3875968992248062,
        "INVALID": 0,
        "MALICIOUS": 0,
        "SANE": 0,
        "VALID": 0,
        "total": 100.2797801876345
    }
}