{
    "counter": {
        "ACTIVE": 2133,
        "INACTIVE": 8,
        "INVALID": 0,
        "MALICIOUS": 0,
        "SANE": 0,
        "VALID": 0,
        "total": 2141
    },
    "percentage": {
        "ACTIVE": 99.62634283045305,
        "INACTIVE": 0.46296296296296297,
        "INVALID": 0,
        "MALICIOUS": 0,
        "SANE": 0,
        "VALID": 0,
        "total": 100.08930579341602
    }
}