{
    "counter": {
        "ACTIVE": 1815,
        "INACTIVE": 11,
        "INVALID": 0,
        "MALICIOUS": 0,
        "SANE": 0,
        "VALID": 0,
        "total": 1826
    },
    "percentage": {
        "ACTIVE": 99.39759036144578,
        "INACTIVE": 0.672782874617737,
        "INVALID": 0,
        "MALICIOUS": 0,
        "SANE": 0,
        "VALID": 0,
        "total": 100.07037323606352
    }
}