{
    "counter": {
        "ACTIVE": 2018,
        "INACTIVE": 9,
        "INVALID": 0,
        "MALICIOUS": 0,
        "SANE": 0,
        "VALID": 0,
        "total": 2027
    },
    "percentage": {
        "ACTIVE": 99.55599407992106,
        "INACTIVE": 0.5163511187607573,
        "INVALID": 0,
        "MALICIOUS": 0,
        "SANE": 0,
        "VALID": 0,
        "total": 100.07234519868182
    }
}