{
    "counter": {
        "ACTIVE": 2388,
        "INACTIVE": 5,
        "INVALID": 0,
        "MALICIOUS": 0,
        "SANE": 0,
        "VALID": 0,
        "total": 2393
    },
    "percentage": {
        "ACTIVE": 99.79105725031341,
        "INACTIVE": 0.2891844997108155,
        "INVALID": 0,
        "MALICIOUS": 0,
        "SANE": 0,
        "VALID": 0,
        "total": 100.08024175002423
    }
}