{
    "counter": {
        "ACTIVE": 1718,
        "INACTIVE": 6,
        "INVALID": 0,
        "MALICIOUS": 0,
        "SANE": 0,
        "VALID": 0,
        "total": 1724
    },
    "percentage": {
        "ACTIVE": 99.65197215777262,
        "INACTIVE": 0.5067567567567568,
        "INVALID": 0,
        "MALICIOUS": 0,
        "SANE": 0,
        "VALID": 0,
        "total": 100.15872891452938
    }
}