{
    "counter": {
        "ACTIVE": 813,
        "INACTIVE": 9,
        "INVALID": 0,
        "MALICIOUS": 0,
        "SANE": 0,
        "VALID": 0,
        "total": 822
    },
    "percentage": {
        "ACTIVE": 98.9051094890511,
        "INACTIVE": 1.1070110701107012,
        "INVALID": 0,
        "MALICIOUS": 0,
        "SANE": 0,
        "VALID": 0,
        "total": 100.0121205591618
    }
}