{
    "counter": {
        "ACTIVE": 1216,
        "INACTIVE": 6,
        "INVALID": 0,
        "MALICIOUS": 0,
        "SANE": 0,
        "VALID": 0,
        "total": 1222
    },
    "percentage": {
        "ACTIVE": 99.50900163666121,
        "INACTIVE": 0.9819967266775778,
        "INVALID": 0,
        "MALICIOUS": 0,
        "SANE": 0,
        "VALID": 0,
        "total": 100.49099836333879
    }
}