{
    "counter": {
        "ACTIVE": 2364,
        "INACTIVE": 11,
        "INVALID": 0,
        "MALICIOUS": 0,
        "SANE": 0,
        "VALID": 0,
        "total": 2375
    },
    "percentage": {
        "ACTIVE": 99.53684210526316,
        "INACTIVE": 0.5866666666666667,
        "INVALID": 0,
        "MALICIOUS": 0,
        "SANE": 0,
        "VALID": 0,
        "total": 100.12350877192983
    }
}