{
    "counter": {
        "ACTIVE": 2281,
        "INACTIVE": 19,
        "INVALID": 0,
        "MALICIOUS": 0,
        "SANE": 0,
        "VALID": 0,
        "total": 2300
    },
    "percentage": {
        "ACTIVE": 99.17391304347827,
        "INACTIVE": 0.8535489667565139,
        "INVALID": 0,
        "MALICIOUS": 0,
        "SANE": 0,
        "VALID": 0,
        "total": 100.02746201023479
    }
}