{
    "counter": {
        "ACTIVE": 1807,
        "INACTIVE": 10,
        "INVALID": 0,
        "MALICIOUS": 0,
        "SANE": 0,
        "VALID": 0,
        "total": 1817
    },
    "percentage": {
        "ACTIVE": 99.44964226747386,
        "INACTIVE": 0.6134969325153374,
        "INVALID": 0,
        "MALICIOUS": 0,
        "SANE": 0,
        "VALID": 0,
        "total": 100.0631391999892
    }
}