{
    "counter": {
        "ACTIVE": 2272,
        "INACTIVE": 13,
        "INVALID": 0,
        "MALICIOUS": 0,
        "SANE": 0,
        "VALID": 0,
        "total": 2285
    },
    "percentage": {
        "ACTIVE": 99.43107221006565,
        "INACTIVE": 0.5863779882724403,
        "INVALID": 0,
        "MALICIOUS": 0,
        "SANE": 0,
        "VALID": 0,
        "total": 100.0174501983381
    }
}