{
    "counter": {
        "ACTIVE": 192,
        "INACTIVE": 2,
        "INVALID": 0,
        "MALICIOUS": 0,
        "SANE": 0,
        "VALID": 0,
        "total": 194
    },
    "percentage": {
        "ACTIVE": 98.96907216494846,
        "INACTIVE": 1.7391304347826086,
        "INVALID": 0,
        "MALICIOUS": 0,
        "SANE": 0,
        "VALID": 0,
        "total": 100.70820259973107
    }
}