{
    "counter": {
        "ACTIVE": 688,
        "INACTIVE": 6,
        "INVALID": 0,
        "MALICIOUS": 0,
        "SANE": 0,
        "VALID": 0,
        "total": 694
    },
    "percentage": {
        "ACTIVE": 99.13544668587896,
        "INACTIVE": 1.3215859030837005,
        "INVALID": 0,
        "MALICIOUS": 0,
        "SANE": 0,
        "VALID": 0,
        "total": 100.45703258896266
    }
}