{
    "counter": {
        "ACTIVE": 200,
        "INACTIVE": 2,
        "INVALID": 0,
        "MALICIOUS": 0,
        "SANE": 0,
        "VALID": 0,
        "total": 202
    },
    "percentage": {
        "ACTIVE": 99.00990099009901,
        "INACTIVE": 1.0101010101010102,
        "INVALID": 0,
        "MALICIOUS": 0,
        "SANE": 0,
        "VALID": 0,
        "total": 100.02000200020002
    }
}