{
    "counter": {
        "ACTIVE": 1761,
        "INACTIVE": 9,
        "INVALID": 0,
        "MALICIOUS": 0,
        "SANE": 0,
        "VALID": 0,
        "total": 1770
    },
    "percentage": {
        "ACTIVE": 99.49152542372882,
        "INACTIVE": 0.5444646098003629,
        "INVALID": 0,
        "MALICIOUS": 0,
        "SANE": 0,
        "VALID": 0,
        "total": 100.03599003352917
    }
}