{
    "counter": {
        "ACTIVE": 1607,
        "INACTIVE": 7,
        "INVALID": 0,
        "MALICIOUS": 0,
        "SANE": 0,
        "VALID": 0,
        "total": 1614
    },
    "percentage": {
        "ACTIVE": 99.56629491945478,
        "INACTIVE": 0.639269406392694,
        "INVALID": 0,
        "MALICIOUS": 0,
        "SANE": 0,
        "VALID": 0,
        "total": 100.20556432584748
    }
}