{
    "counter": {
        "ACTIVE": 2274,
        "INACTIVE": 5,
        "INVALID": 0,
        "MALICIOUS": 0,
        "SANE": 0,
        "VALID": 0,
        "total": 2279
    },
    "percentage": {
        "ACTIVE": 99.78060552874068,
        "INACTIVE": 0.4562043795620438,
        "INVALID": 0,
        "MALICIOUS": 0,
        "SANE": 0,
        "VALID": 0,
        "total": 100.23680990830272
    }
}