{
    "counter": {
        "ACTIVE": 1060,
        "INACTIVE": 12,
        "INVALID": 0,
        "MALICIOUS": 0,
        "SANE": 0,
        "VALID": 0,
        "total": 1072
    },
    "percentage": {
        "ACTIVE": 98.88059701492537,
        "INACTIVE": 1.3392857142857142,
        "INVALID": 0,
        "MALICIOUS": 0,
        "SANE": 0,
        "VALID": 0,
        "total": 100.21988272921108
    }
}