{
    "counter": {
        "ACTIVE": 2268,
        "INACTIVE": 11,
        "INVALID": 0,
        "MALICIOUS": 0,
        "SANE": 0,
        "VALID": 0,
        "total": 2279
    },
    "percentage": {
        "ACTIVE": 99.51733216322948,
        "INACTIVE": 0.5768222338751966,
        "INVALID": 0,
        "MALICIOUS": 0,
        "SANE": 0,
        "VALID": 0,
        "total": 100.09415439710467
    }
}