{
    "counter": {
        "ACTIVE": 1758,
        "INACTIVE": 5,
        "INVALID": 0,
        "MALICIOUS": 0,
        "SANE": 0,
        "VALID": 0,
        "total": 1763
    },
    "percentage": {
        "ACTIVE": 99.71639251276234,
        "INACTIVE": 0.4616805170821791,
        "INVALID": 0,
        "MALICIOUS": 0,
        "SANE": 0,
        "VALID": 0,
        "total": 100.17807302984451
    }
}