{
    "counter": {
        "ACTIVE": 1087,
        "INACTIVE": 9,
        "INVALID": 0,
        "MALICIOUS": 0,
        "SANE": 0,
        "VALID": 0,
        "total": 1096
    },
    "percentage": {
        "ACTIVE": 99.17883211678833,
        "INACTIVE": 1.4446227929373996,
        "INVALID": 0,
        "MALICIOUS": 0,
        "SANE": 0,
        "VALID": 0,
        "total": 100.62345490972572
    }
}