{
    "counter": {
        "ACTIVE": 2013,
        "INACTIVE": 8,
        "INVALID": 0,
        "MALICIOUS": 0,
        "SANE": 0,
        "VALID": 0,
        "total": 2021
    },
    "percentage": {
        "ACTIVE": 99.6041563582385,
        "INACTIVE": 0.4476776720761052,
        "INVALID": 0,
        "MALICIOUS": 0,
        "SANE": 0,
        "VALID": 0,
        "total": 100.05183403031461
    }
}