{
    "counter": {
        "ACTIVE": 1586,
        "INACTIVE": 6,
        "INVALID": 0,
        "MALICIOUS": 0,
        "SANE": 0,
        "VALID": 0,
        "total": 1592
    },
    "percentage": {
        "ACTIVE": 99.62311557788945,
        "INACTIVE": 0.56657223796034,
        "INVALID": 0,
        "MALICIOUS": 0,
        "SANE": 0,
        "VALID": 0,
        "total": 100.1896878158498
    }
}