{
    "counter": {
        "ACTIVE": 1846,
        "INACTIVE": 5,
        "INVALID": 0,
        "MALICIOUS": 0,
        "SANE": 0,
        "VALID": 0,
        "total": 1851
    },
    "percentage": {
        "ACTIVE": 99.72987574284171,
        "INACTIVE": 0.5694760820045558,
        "INVALID": 0,
        "MALICIOUS": 0,
        "SANE": 0,
        "VALID": 0,
        "total": 100.29935182484627
    }
}