{
    "counter": {
        "ACTIVE": 486,
        "INACTIVE": 8,
        "INVALID": 0,
        "MALICIOUS": 0,
        "SANE": 0,
        "VALID": 0,
        "total": 494
    },
    "percentage": {
        "ACTIVE": 98.38056680161944,
        "INACTIVE": 1.797752808988764,
        "INVALID": 0,
        "MALICIOUS": 0,
        "SANE": 0,
        "VALID": 0,
        "total": 100.1783196106082
    }
}