{
    "counter": {
        "ACTIVE": 2366,
        "INACTIVE": 6,
        "INVALID": 0,
        "MALICIOUS": 0,
        "SANE": 0,
        "VALID": 0,
        "total": 2372
    },
    "percentage": {
        "ACTIVE": 99.74704890387858,
        "INACTIVE": 0.9884678747940692,
        "INVALID": 0,
        "MALICIOUS": 0,
        "SANE": 0,
        "VALID": 0,
        "total": 100.73551677867265
    }
}