{
    "counter": {
        "ACTIVE": 657,
        "INACTIVE": 1,
        "INVALID": 0,
        "MALICIOUS": 0,
        "SANE": 0,
        "VALID": 0,
        "total": 658
    },
    "percentage": {
        "ACTIVE": 99.84802431610942,
        "INACTIVE": 0.33444816053511706,
        "INVALID": 0,
        "MALICIOUS": 0,
        "SANE": 0,
        "VALID": 0,
        "total": 100.18247247664453
    }
}