{
    "counter": {
        "ACTIVE": 2364,
        "INACTIVE": 6,
        "INVALID": 0,
        "MALICIOUS": 0,
        "SANE": 0,
        "VALID": 0,
        "total": 2370
    },
    "percentage": {
        "ACTIVE": 99.74683544303798,
        "INACTIVE": 0.27726432532347506,
        "INVALID": 0,
        "MALICIOUS": 0,
        "SANE": 0,
        "VALID": 0,
        "total": 100.02409976836145
    }
}