{
    "counter": {
        "ACTIVE": 2059,
        "INACTIVE": 11,
        "INVALID": 0,
        "MALICIOUS": 0,
        "SANE": 0,
        "VALID": 0,
        "total": 2070
    },
    "percentage": {
        "ACTIVE": 99.46859903381643,
        "INACTIVE": 0.5832449628844114,
        "INVALID": 0,
        "MALICIOUS": 0,
        "SANE": 0,
        "VALID": 0,
        "total": 100.05184399670084
    }
}