{
    "counter": {
        "ACTIVE": 842,
        "INACTIVE": 7,
        "INVALID": 0,
        "MALICIOUS": 0,
        "SANE": 0,
        "VALID": 0,
        "total": 849
    },
    "percentage": {
        "ACTIVE": 99.17550058892814,
        "INACTIVE": 0.85995085995086,
        "INVALID": 0,
        "MALICIOUS": 0,
        "SANE": 0,
        "VALID": 0,
        "total": 100.035451448879
    }
}