{
    "counter": {
        "ACTIVE": 1976,
        "INACTIVE": 12,
        "INVALID": 0,
        "MALICIOUS": 0,
        "SANE": 0,
        "VALID": 0,
        "total": 1988
    },
    "percentage": {
        "ACTIVE": 99.3963782696177,
        "INACTIVE": 0.7202881152460985,
        "INVALID": 0,
        "MALICIOUS": 0,
        "SANE": 0,
        "VALID": 0,
        "total": 100.11666638486379
    }
}