{
    "counter": {
        "ACTIVE": 417,
        "INACTIVE": 2,
        "INVALID": 0,
        "MALICIOUS": 0,
        "SANE": 0,
        "VALID": 0,
        "total": 419
    },
    "percentage": {
        "ACTIVE": 99.52267303102626,
        "INACTIVE": 1.694915254237288,
        "INVALID": 0,
        "MALICIOUS": 0,
        "SANE": 0,
        "VALID": 0,
        "total": 101.21758828526355
    }
}