{
    "counter": {
        "ACTIVE": 550,
        "INACTIVE": 3,
        "INVALID": 0,
        "MALICIOUS": 0,
        "SANE": 0,
        "VALID": 0,
        "total": 553
    },
    "percentage": {
        "ACTIVE": 99.45750452079567,
        "INACTIVE": 0.6185567010309279,
        "INVALID": 0,
        "MALICIOUS": 0,
        "SANE": 0,
        "VALID": 0,
        "total": 100.07606122182659
    }
}