{
    "counter": {
        "ACTIVE": 2280,
        "INACTIVE": 10,
        "INVALID": 0,
        "MALICIOUS": 0,
        "SANE": 0,
        "VALID": 0,
        "total": 2290
    },
    "percentage": {
        "ACTIVE": 99.56331877729258,
        "INACTIVE": 0.6031363088057901,
        "INVALID": 0,
        "MALICIOUS": 0,
        "SANE": 0,
        "VALID": 0,
        "total": 100.16645508609837
    }
}