{
    "counter": {
        "ACTIVE": 1306,
        "INACTIVE": 8,
        "INVALID": 0,
        "MALICIOUS": 0,
        "SANE": 0,
        "VALID": 0,
        "total": 1314
    },
    "percentage": {
        "ACTIVE": 99.39117199391173,
        "INACTIVE": 0.6814310051107325,
        "INVALID": 0,
        "MALICIOUS": 0,
        "SANE": 0,
        "VALID": 0,
        "total": 100.07260299902246
    }
}