{
    "counter": {
        "ACTIVE": 1623,
        "INACTIVE": 1,
        "INVALID": 0,
        "MALICIOUS": 0,
        "SANE": 0,
        "VALID": 0,
        "total": 1624
    },
    "percentage": {
        "ACTIVE": 99.9384236453202,
        "INACTIVE": 0.25316455696202533,
        "INVALID": 0,
        "MALICIOUS": 0,
        "SANE": 0,
        "VALID": 0,
        "total": 100.19158820228222
    }
}