{
    "counter": {
        "ACTIVE": 1447,
        "INACTIVE": 9,
        "INVALID": 0,
        "MALICIOUS": 0,
        "SANE": 0,
        "VALID": 0,
        "total": 1456
    },
    "percentage": {
        "ACTIVE": 99.38186813186813,
        "INACTIVE": 1.0067114093959733,
        "INVALID": 0,
        "MALICIOUS": 0,
        "SANE": 0,
        "VALID": 0,
        "total": 100.38857954126411
    }
}