{
    "counter": {
        "ACTIVE": 1566,
        "INACTIVE": 2,
        "INVALID": 0,
        "MALICIOUS": 0,
        "SANE": 0,
        "VALID": 0,
        "total": 1568
    },
    "percentage": {
        "ACTIVE": 99.87244897959184,
        "INACTIVE": 0.17286084701815038,
        "INVALID": 0,
        "MALICIOUS": 0,
        "SANE": 0,
        "VALID": 0,
        "total": 100.04530982661
    }
}