{
    "counter": {
        "ACTIVE": 626,
        "INACTIVE": 9,
        "INVALID": 0,
        "MALICIOUS": 0,
        "SANE": 0,
        "VALID": 0,
        "total": 635
    },
    "percentage": {
        "ACTIVE": 98.58267716535433,
        "INACTIVE": 1.4446227929373996,
        "INVALID": 0,
        "MALICIOUS": 0,
        "SANE": 0,
        "VALID": 0,
        "total": 100.02729995829172
    }
}