{
    "counter": {
        "ACTIVE": 203,
        "INACTIVE": 2,
        "INVALID": 0,
        "MALICIOUS": 0,
        "SANE": 0,
        "VALID": 0,
        "total": 205
    },
    "percentage": {
        "ACTIVE": 99.02439024390245,
        "INACTIVE": 1.6666666666666667,
        "INVALID": 0,
        "MALICIOUS": 0,
        "SANE": 0,
        "VALID": 0,
        "total": 100.69105691056912
    }
}