{
    "counter": {
        "ACTIVE": 595,
        "INACTIVE": 9,
        "INVALID": 0,
        "MALICIOUS": 0,
        "SANE": 0,
        "VALID": 0,
        "total": 604
    },
    "percentage": {
        "ACTIVE": 98.50993377483444,
        "INACTIVE": 1.6697588126159555,
        "INVALID": 0,
        "MALICIOUS": 0,
        "SANE": 0,
        "VALID": 0,
        "total": 100.17969258745039
    }
}