{
    "counter": {
        "ACTIVE": 2383,
        "INACTIVE": 6,
        "INVALID": 0,
        "MALICIOUS": 0,
        "SANE": 0,
        "VALID": 0,
        "total": 2389
    },
    "percentage": {
        "ACTIVE": 99.74884889074927,
        "INACTIVE": 0.25862068965517243,
        "INVALID": 0,
        "MALICIOUS": 0,
        "SANE": 0,
        "VALID": 0,
        "total": 100.00746958040445
    }
}