{
    "counter": {
        "ACTIVE": 197,
        "INACTIVE": 1,
        "INVALID": 0,
        "MALICIOUS": 0,
        "SANE": 0,
        "VALID": 0,
        "total": 198
    },
    "percentage": {
        "ACTIVE": 99.4949494949495,
        "INACTIVE": 1.2658227848101267,
        "INVALID": 0,
        "MALICIOUS": 0,
        "SANE": 0,
        "VALID": 0,
        "total": 100.76077227975962
    }
}