{
    "counter": {
        "ACTIVE": 1601,
        "INACTIVE": 11,
        "INVALID": 0,
        "MALICIOUS": 0,
        "SANE": 0,
        "VALID": 0,
        "total": 1612
    },
    "percentage": {
        "ACTIVE": 99.31761786600497,
        "INACTIVE": 1.0299625468164795,
        "INVALID": 0,
        "MALICIOUS": 0,
        "SANE": 0,
        "VALID": 0,
        "total": 100.34758041282144
    }
}