{
    "counter": {
        "ACTIVE": 185,
        "INACTIVE": 2,
        "INVALID": 0,
        "MALICIOUS": 0,
        "SANE": 0,
        "VALID": 0,
        "total": 187
    },
    "percentage": {
        "ACTIVE": 98.93048128342247,
        "INACTIVE": 1.7857142857142858,
        "INVALID": 0,
        "MALICIOUS": 0,
        "SANE": 0,
        "VALID": 0,
        "total": 100.71619556913676
    }
}