{
    "counter": {
        "ACTIVE": 187,
        "INACTIVE": 1,
        "INVALID": 0,
        "MALICIOUS": 0,
        "SANE": 0,
        "VALID": 0,
        "total": 188
    },
    "percentage": {
        "ACTIVE": 99.46808510638297,
        "INACTIVE": 1.1235955056179776,
        "INVALID": 0,
        "MALICIOUS": 0,
        "SANE": 0,
        "VALID": 0,
        "total": 100.59168061200094
    }
}