{
    "counter": {
        "ACTIVE": 1401,
        "INACTIVE": 9,
        "INVALID": 0,
        "MALICIOUS": 0,
        "SANE": 0,
        "VALID": 0,
        "total": 1410
    },
    "percentage": {
        "ACTIVE": 99.36170212765957,
        "INACTIVE": 0.8166969147005445,
        "INVALID": 0,
        "MALICIOUS": 0,
        "SANE": 0,
        "VALID": 0,
        "total": 100.17839904236011
    }
}