{
    "counter": {
        "ACTIVE": 2073,
        "INACTIVE": 12,
        "INVALID": 0,
        "MALICIOUS": 0,
        "SANE": 0,
        "VALID": 0,
        "total": 2085
    },
    "percentage": {
        "ACTIVE": 99.42446043165468,
        "INACTIVE": 0.671892497200448,
        "INVALID": 0,
        "MALICIOUS": 0,
        "SANE": 0,
        "VALID": 0,
        "total": 100.09635292885513
    }
}