{
    "counter": {
        "ACTIVE": 213,
        "INACTIVE": 1,
        "INVALID": 0,
        "MALICIOUS": 0,
        "SANE": 0,
        "VALID": 0,
        "total": 214
    },
    "percentage": {
        "ACTIVE": 99.53271028037383,
        "INACTIVE": 0.847457627118644,
        "INVALID": 0,
        "MALICIOUS": 0,
        "SANE": 0,
        "VALID": 0,
        "total": 100.38016790749248
    }
}