{
    "counter": {
        "ACTIVE": 2270,
        "INACTIVE": 9,
        "INVALID": 0,
        "MALICIOUS": 0,
        "SANE": 0,
        "VALID": 0,
        "total": 2279
    },
    "percentage": {
        "ACTIVE": 99.60508995173322,
        "INACTIVE": 0.5107832009080591,
        "INVALID": 0,
        "MALICIOUS": 0,
        "SANE": 0,
        "VALID": 0,
        "total": 100.11587315264129
    }
}