{
    "counter": {
        "ACTIVE": 2276,
        "INACTIVE": 11,
        "INVALID": 0,
        "MALICIOUS": 0,
        "SANE": 0,
        "VALID": 0,
        "total": 2287
    },
    "percentage": {
        "ACTIVE": 99.5190205509401,
        "INACTIVE": 0.6622516556291391,
        "INVALID": 0,
        "MALICIOUS": 0,
        "SANE": 0,
        "VALID": 0,
        "total": 100.18127220656923
    }
}