{
    "counter": {
        "ACTIVE": 676,
        "INACTIVE": 6,
        "INVALID": 0,
        "MALICIOUS": 0,
        "SANE": 0,
        "VALID": 0,
        "total": 682
    },
    "percentage": {
        "ACTIVE": 99.12023460410558,
        "INACTIVE": 1.4492753623188406,
        "INVALID": 0,
        "MALICIOUS": 0,
        "SANE": 0,
        "VALID": 0,
        "total": 100.56950996642442
    }
}