{
    "counter": {
        "ACTIVE": 1699,
        "INACTIVE": 7,
        "INVALID": 0,
        "MALICIOUS": 0,
        "SANE": 0,
        "VALID": 0,
        "total": 1706
    },
    "percentage": {
        "ACTIVE": 99.58968347010551,
        "INACTIVE": 0.4229607250755287,
        "INVALID": 0,
        "MALICIOUS": 0,
        "SANE": 0,
        "VALID": 0,
        "total": 100.01264419518104
    }
}