{
    "counter": {
        "ACTIVE": 1909,
        "INACTIVE": 6,
        "INVALID": 0,
        "MALICIOUS": 0,
        "SANE": 0,
        "VALID": 0,
        "total": 1915
    },
    "percentage": {
        "ACTIVE": 99.68668407310705,
        "INACTIVE": 0.8097165991902834,
        "INVALID": 0,
        "MALICIOUS": 0,
        "SANE": 0,
        "VALID": 0,
        "total": 100.49640067229733
    }
}