{
    "counter": {
        "ACTIVE": 2285,
        "INACTIVE": 6,
        "INVALID": 0,
        "MALICIOUS": 0,
        "SANE": 0,
        "VALID": 0,
        "total": 2291
    },
    "percentage": {
        "ACTIVE": 99.73810563072894,
        "INACTIVE": 0.36809815950920244,
        "INVALID": 0,
        "MALICIOUS": 0,
        "SANE": 0,
        "VALID": 0,
        "total": 100.10620379023814
    }
}