{
    "counter": {
        "ACTIVE": 2275,
        "INACTIVE": 8,
        "INVALID": 0,
        "MALICIOUS": 0,
        "SANE": 0,
        "VALID": 0,
        "total": 2283
    },
    "percentage": {
        "ACTIVE": 99.64958388085851,
        "INACTIVE": 0.44918585064570465,
        "INVALID": 0,
        "MALICIOUS": 0,
        "SANE": 0,
        "VALID": 0,
        "total": 100.09876973150422
    }
}