{
    "counter": {
        "ACTIVE": 2363,
        "INACTIVE": 8,
        "INVALID": 0,
        "MALICIOUS": 0,
        "SANE": 0,
        "VALID": 0,
        "total": 2371
    },
    "percentage": {
        "ACTIVE": 99.66258962463095,
        "INACTIVE": 0.4645760743321719,
        "INVALID": 0,
        "MALICIOUS": 0,
        "SANE": 0,
        "VALID": 0,
        "total": 100.12716569896313
    }
}