{
    "counter": {
        "ACTIVE": 1024,
        "INACTIVE": 9,
        "INVALID": 0,
        "MALICIOUS": 0,
        "SANE": 0,
        "VALID": 0,
        "total": 1033
    },
    "percentage": {
        "ACTIVE": 99.12875121006776,
        "INACTIVE": 1.1264080100125156,
        "INVALID": 0,
        "MALICIOUS": 0,
        "SANE": 0,
        "VALID": 0,
        "total": 100.25515922008027
    }
}