{
    "counter": {
        "ACTIVE": 1276,
        "INACTIVE": 6,
        "INVALID": 0,
        "MALICIOUS": 0,
        "SANE": 0,
        "VALID": 0,
        "total": 1282
    },
    "percentage": {
        "ACTIVE": 99.53198127925117,
        "INACTIVE": 0.7159904534606205,
        "INVALID": 0,
        "MALICIOUS": 0,
        "SANE": 0,
        "VALID": 0,
        "total": 100.24797173271179
    }
}