{
    "counter": {
        "ACTIVE": 2381,
        "INACTIVE": 5,
        "INVALID": 0,
        "MALICIOUS": 0,
        "SANE": 0,
        "VALID": 0,
        "total": 2386
    },
    "percentage": {
        "ACTIVE": 99.79044425817267,
        "INACTIVE": 0.29239766081871343,
        "INVALID": 0,
        "MALICIOUS": 0,
        "SANE": 0,
        "VALID": 0,
        "total": 100.08284191899138
    }
}