{
    "counter": {
        "ACTIVE": 1411,
        "INACTIVE": 10,
        "INVALID": 0,
        "MALICIOUS": 0,
        "SANE": 0,
        "VALID": 0,
        "total": 1421
    },
    "percentage": {
        "ACTIVE": 99.29627023223082,
        "INACTIVE": 1.976284584980237,
        "INVALID": 0,
        "MALICIOUS": 0,
        "SANE": 0,
        "VALID": 0,
        "total": 101.27255481721106
    }
}