{
    "counter": {
        "ACTIVE": 1632,
        "INACTIVE": 14,
        "INVALID": 0,
        "MALICIOUS": 0,
        "SANE": 0,
        "VALID": 0,
        "total": 1646
    },
    "percentage": {
        "ACTIVE": 99.1494532199271,
        "INACTIVE": 1.2567324955116697,
        "INVALID": 0,
        "MALICIOUS": 0,
        "SANE": 0,
        "VALID": 0,
        "total": 100.40618571543877
    }
}