{
    "counter": {
        "ACTIVE": 2375,
        "INACTIVE": 7,
        "INVALID": 0,
        "MALICIOUS": 0,
        "SANE": 0,
        "VALID": 0,
        "total": 2382
    },
    "percentage": {
        "ACTIVE": 99.70612930310664,
        "INACTIVE": 0.37393162393162394,
        "INVALID": 0,
        "MALICIOUS": 0,
        "SANE": 0,
        "VALID": 0,
        "total": 100.08006092703826
    }
}