{
    "counter": {
        "ACTIVE": 893,
        "INACTIVE": 2,
        "INVALID": 0,
        "MALICIOUS": 0,
        "SANE": 0,
        "VALID": 0,
        "total": 895
    },
    "percentage": {
        "ACTIVE": 99.77653631284916,
        "INACTIVE": 0.45351473922902497,
        "INVALID": 0,
        "MALICIOUS": 0,
        "SANE": 0,
        "VALID": 0,
        "total": 100.23005105207818
    }
}