{
    "counter": {
        "ACTIVE": 2307,
        "INACTIVE": 15,
        "INVALID": 0,
        "MALICIOUS": 0,
        "SANE": 0,
        "VALID": 0,
        "total": 2322
    },
    "percentage": {
        "ACTIVE": 99.35400516795866,
        "INACTIVE": 0.740009866798224,
        "INVALID": 0,
        "MALICIOUS": 0,
        "SANE": 0,
        "VALID": 0,
        "total": 100.09401503475688
    }
}