{
    "counter": {
        "ACTIVE": 1588,
        "INACTIVE": 8,
        "INVALID": 0,
        "MALICIOUS": 0,
        "SANE": 0,
        "VALID": 0,
        "total": 1596
    },
    "percentage": {
        "ACTIVE": 99.49874686716792,
        "INACTIVE": 1.1904761904761905,
        "INVALID": 0,
        "MALICIOUS": 0,
        "SANE": 0,
        "VALID": 0,
        "total": 100.68922305764411
    }
}