{
    "counter": {
        "ACTIVE": 2061,
        "INACTIVE": 11,
        "INVALID": 0,
        "MALICIOUS": 0,
        "SANE": 0,
        "VALID": 0,
        "total": 2072
    },
    "percentage": {
        "ACTIVE": 99.46911196911196,
        "INACTIVE": 0.6351039260969977,
        "INVALID": 0,
        "MALICIOUS": 0,
        "SANE": 0,
        "VALID": 0,
        "total": 100.10421589520897
    }
}