{
    "counter": {
        "ACTIVE": 470,
        "INACTIVE": 7,
        "INVALID": 0,
        "MALICIOUS": 0,
        "SANE": 0,
        "VALID": 0,
        "total": 477
    },
    "percentage": {
        "ACTIVE": 98.53249475890985,
        "INACTIVE": 1.4989293361884368,
        "INVALID": 0,
        "MALICIOUS": 0,
        "SANE": 0,
        "VALID": 0,
        "total": 100.03142409509829
    }
}