{
    "counter": {
        "ACTIVE": 598,
        "INACTIVE": 2,
        "INVALID": 0,
        "MALICIOUS": 0,
        "SANE": 0,
        "VALID": 0,
        "total": 600
    },
    "percentage": {
        "ACTIVE": 99.66666666666667,
        "INACTIVE": 0.5813953488372093,
        "INVALID": 0,
        "MALICIOUS": 0,
        "SANE": 0,
        "VALID": 0,
        "total": 100.24806201550388
    }
}