{
    "counter": {
        "ACTIVE": 204,
        "INACTIVE": 1,
        "INVALID": 0,
        "MALICIOUS": 0,
        "SANE": 0,
        "VALID": 0,
        "total": 205
    },
    "percentage": {
        "ACTIVE": 99.51219512195122,
        "INACTIVE": 0.9523809523809523,
        "INVALID": 0,
        "MALICIOUS": 0,
        "SANE": 0,
        "VALID": 0,
        "total": 100.46457607433217
    }
}