{
    "counter": {
        "ACTIVE": 639,
        "INACTIVE": 3,
        "INVALID": 0,
        "MALICIOUS": 0,
        "SANE": 0,
        "VALID": 0,
        "total": 642
    },
    "percentage": {
        "ACTIVE": 99.53271028037383,
        "INACTIVE": 0.7194244604316546,
        "INVALID": 0,
        "MALICIOUS": 0,
        "SANE": 0,
        "VALID": 0,
        "total": 100.25213474080549
    }
}