{
    "counter": {
        "ACTIVE": 364,
        "INACTIVE": 6,
        "INVALID": 0,
        "MALICIOUS": 0,
        "SANE": 0,
        "VALID": 0,
        "total": 370
    },
    "percentage": {
        "ACTIVE": 98.37837837837837,
        "INACTIVE": 1.8461538461538463,
        "INVALID": 0,
        "MALICIOUS": 0,
        "SANE": 0,
        "VALID": 0,
        "total": 100.22453222453221
    }
}