{
    "counter": {
        "ACTIVE": 2006,
        "INACTIVE": 15,
        "INVALID": 0,
        "MALICIOUS": 0,
        "SANE": 0,
        "VALID": 0,
        "total": 2021
    },
    "percentage": {
        "ACTIVE": 99.25779317169717,
        "INACTIVE": 0.7696254489481785,
        "INVALID": 0,
        "MALICIOUS": 0,
        "SANE": 0,
        "VALID": 0,
        "total": 100.02741862064535
    }
}