{
    "counter": {
        "ACTIVE": 468,
        "INACTIVE": 3,
        "INVALID": 0,
        "MALICIOUS": 0,
        "SANE": 0,
        "VALID": 0,
        "total": 471
    },
    "percentage": {
        "ACTIVE": 99.36305732484077,
        "INACTIVE": 0.7194244604316546,
        "INVALID": 0,
        "MALICIOUS": 0,
        "SANE": 0,
        "VALID": 0,
        "total": 100.08248178527242
    }
}