{
    "counter": {
        "ACTIVE": 1633,
        "INACTIVE": 5,
        "INVALID": 0,
        "MALICIOUS": 0,
        "SANE": 0,
        "VALID": 0,
        "total": 1638
    },
    "percentage": {
        "ACTIVE": 99.69474969474969,
        "INACTIVE": 0.4562043795620438,
        "INVALID": 0,
        "MALICIOUS": 0,
        "SANE": 0,
        "VALID": 0,
        "total": 100.15095407431173
    }
}