{
    "counter": {
        "ACTIVE": 2368,
        "INACTIVE": 13,
        "INVALID": 0,
        "MALICIOUS": 0,
        "SANE": 0,
        "VALID": 0,
        "total": 2381
    },
    "percentage": {
        "ACTIVE": 99.45401091978161,
        "INACTIVE": 0.6914893617021277,
        "INVALID": 0,
        "MALICIOUS": 0,
        "SANE": 0,
        "VALID": 0,
        "total": 100.14550028148373
    }
}