{
    "counter": {
        "ACTIVE": 301,
        "INACTIVE": 3,
        "INVALID": 0,
        "MALICIOUS": 0,
        "SANE": 0,
        "VALID": 0,
        "total": 304
    },
    "percentage": {
        "ACTIVE": 99.01315789473684,
        "INACTIVE": 1.3824884792626728,
        "INVALID": 0,
        "MALICIOUS": 0,
        "SANE": 0,
        "VALID": 0,
        "total": 100.39564637399951
    }
}