{
    "counter": {
        "ACTIVE": 2125,
        "INACTIVE": 5,
        "INVALID": 0,
        "MALICIOUS": 0,
        "SANE": 0,
        "VALID": 0,
        "total": 2130
    },
    "percentage": {
        "ACTIVE": 99.76525821596245,
        "INACTIVE": 1.0845986984815619,
        "INVALID": 0,
        "MALICIOUS": 0,
        "SANE": 0,
        "VALID": 0,
        "total": 100.849856914444
    }
}