{
    "counter": {
        "ACTIVE": 980,
        "INACTIVE": 6,
        "INVALID": 0,
        "MALICIOUS": 0,
        "SANE": 0,
        "VALID": 0,
        "total": 986
    },
    "percentage": {
        "ACTIVE": 99.39148073022312,
        "INACTIVE": 0.6711409395973155,
        "INVALID": 0,
        "MALICIOUS": 0,
        "SANE": 0,
        "VALID": 0,
        "total": 100.06262166982044
    }
}