{
    "counter": {
        "ACTIVE": 777,
        "INACTIVE": 1,
        "INVALID": 0,
        "MALICIOUS": 0,
        "SANE": 0,
        "VALID": 0,
        "total": 778
    },
    "percentage": {
        "ACTIVE": 99.87146529562982,
        "INACTIVE": 0.29239766081871343,
        "INVALID": 0,
        "MALICIOUS": 0,
        "SANE": 0,
        "VALID": 0,
        "total": 100.16386295644853
    }
}