{
    "counter": {
        "ACTIVE": 1864,
        "INACTIVE": 9,
        "INVALID": 0,
        "MALICIOUS": 0,
        "SANE": 0,
        "VALID": 0,
        "total": 1873
    },
    "percentage": {
        "ACTIVE": 99.5194874532835,
        "INACTIVE": 0.5481120584652862,
        "INVALID": 0,
        "MALICIOUS": 0,
        "SANE": 0,
        "VALID": 0,
        "total": 100.0675995117488
    }
}