{
    "counter": {
        "ACTIVE": 1554,
        "INACTIVE": 9,
        "INVALID": 0,
        "MALICIOUS": 0,
        "SANE": 0,
        "VALID": 0,
        "total": 1563
    },
    "percentage": {
        "ACTIVE": 99.42418426103647,
        "INACTIVE": 0.7575757575757576,
        "INVALID": 0,
        "MALICIOUS": 0,
        "SANE": 0,
        "VALID": 0,
        "total": 100.18176001861222
    }
}