{
    "counter": {
        "ACTIVE": 202,
        "INACTIVE": 1,
        "INVALID": 0,
        "MALICIOUS": 0,
        "SANE": 0,
        "VALID": 0,
        "total": 203
    },
    "percentage": {
        "ACTIVE": 99.50738916256158,
        "INACTIVE": 0.9009009009009009,
        "INVALID": 0,
        "MALICIOUS": 0,
        "SANE": 0,
        "VALID": 0,
        "total": 100.40829006346249
    }
}