{
    "counter": {
        "ACTIVE": 2290,
        "INACTIVE": 5,
        "INVALID": 0,
        "MALICIOUS": 0,
        "SANE": 0,
        "VALID": 0,
        "total": 2295
    },
    "percentage": {
        "ACTIVE": 99.78213507625273,
        "INACTIVE": 1.0869565217391304,
        "INVALID": 0,
        "MALICIOUS": 0,
        "SANE": 0,
        "VALID": 0,
        "total": 100.86909159799185
    }
}