{
    "counter": {
        "ACTIVE": 706,
        "INACTIVE": 1,
        "INVALID": 0,
        "MALICIOUS": 0,
        "SANE": 0,
        "VALID": 0,
        "total": 707
    },
    "percentage": {
        "ACTIVE": 99.85855728429986,
        "INACTIVE": 0.186219739292365,
        "INVALID": 0,
        "MALICIOUS": 0,
        "SANE": 0,
        "VALID": 0,
        "total": 100.04477702359223
    }
}