{
    "counter": {
        "ACTIVE": 874,
        "INACTIVE": 1,
        "INVALID": 0,
        "MALICIOUS": 0,
        "SANE": 0,
        "VALID": 0,
        "total": 875
    },
    "percentage": {
        "ACTIVE": 99.88571428571429,
        "INACTIVE": 0.11600928074245939,
        "INVALID": 0,
        "MALICIOUS": 0,
        "SANE": 0,
        "VALID": 0,
        "total": 100.00172356645675
    }
}