{
    "counter": {
        "ACTIVE": 2080,
        "INACTIVE": 1,
        "INVALID": 0,
        "MALICIOUS": 0,
        "SANE": 0,
        "VALID": 0,
        "total": 2081
    },
    "percentage": {
        "ACTIVE": 99.95194617972129,
        "INACTIVE": 0.0591016548463357,
        "INVALID": 0,
        "MALICIOUS": 0,
        "SANE": 0,
        "VALID": 0,
        "total": 100.01104783456762
    }
}