{
    "counter": {
        "ACTIVE": 1026,
        "INACTIVE": 5,
        "INVALID": 0,
        "MALICIOUS": 0,
        "SANE": 0,
        "VALID": 0,
        "total": 1031
    },
    "percentage": {
        "ACTIVE": 99.51503394762366,
        "INACTIVE": 1.091703056768559,
        "INVALID": 0,
        "MALICIOUS": 0,
        "SANE": 0,
        "VALID": 0,
        "total": 100.60673700439223
    }
}