{
    "counter": {
        "ACTIVE": 1121,
        "INACTIVE": 9,
        "INVALID": 0,
        "MALICIOUS": 0,
        "SANE": 0,
        "VALID": 0,
        "total": 1130
    },
    "percentage": {
        "ACTIVE": 99.20353982300885,
        "INACTIVE": 0.8166969147005445,
        "INVALID": 0,
        "MALICIOUS": 0,
        "SANE": 0,
        "VALID": 0,
        "total": 100.0202367377094
    }
}