{
    "counter": {
        "ACTIVE": 1744,
        "INACTIVE": 7,
        "INVALID": 0,
        "MALICIOUS": 0,
        "SANE": 0,
        "VALID": 0,
        "total": 1751
    },
    "percentage": {
        "ACTIVE": 99.60022844089092,
        "INACTIVE": 0.43103448275862066,
        "INVALID": 0,
        "MALICIOUS": 0,
        "SANE": 0,
        "VALID": 0,
        "total": 100.03126292364954
    }
}