{
    "counter": {
        "ACTIVE": 1295,
        "INACTIVE": 11,
        "INVALID": 0,
        "MALICIOUS": 0,
        "SANE": 0,
        "VALID": 0,
        "total": 1306
    },
    "percentage": {
        "ACTIVE": 99.15773353751914,
        "INACTIVE": 1.245753114382786,
        "INVALID": 0,
        "MALICIOUS": 0,
        "SANE": 0,
        "VALID": 0,
        "total": 100.40348665190191
    }
}