{
    "counter": {
        "ACTIVE": 764,
        "INACTIVE": 6,
        "INVALID": 0,
        "MALICIOUS": 0,
        "SANE": 0,
        "VALID": 0,
        "total": 770
    },
    "percentage": {
        "ACTIVE": 99.22077922077922,
        "INACTIVE": 1.3274336283185841,
        "INVALID": 0,
        "MALICIOUS": 0,
        "SANE": 0,
        "VALID": 0,
        "total": 100.54821284909781
    }
}