{
    "counter": {
        "ACTIVE": 1392,
        "INACTIVE": 8,
        "INVALID": 0,
        "MALICIOUS": 0,
        "SANE": 0,
        "VALID": 0,
        "total": 1400
    },
    "percentage": {
        "ACTIVE": 99.42857142857143,
        "INACTIVE": 0.6938421509106678,
        "INVALID": 0,
        "MALICIOUS": 0,
        "SANE": 0,
        "VALID": 0,
        "total": 100.1224135794821
    }
}