{
    "counter": {
        "ACTIVE": 492,
        "INACTIVE": 7,
        "INVALID": 0,
        "MALICIOUS": 0,
        "SANE": 0,
        "VALID": 0,
        "total": 499
    },
    "percentage": {
        "ACTIVE": 98.59719438877755,
        "INACTIVE": 1.4736842105263157,
        "INVALID": 0,
        "MALICIOUS": 0,
        "SANE": 0,
        "VALID": 0,
        "total": 100.07087859930387
    }
}