{
    "counter": {
        "ACTIVE": 1651,
        "INACTIVE": 9,
        "INVALID": 0,
        "MALICIOUS": 0,
        "SANE": 0,
        "VALID": 0,
        "total": 1660
    },
    "percentage": {
        "ACTIVE": 99.4578313253012,
        "INACTIVE": 1.0067114093959733,
        "INVALID": 0,
        "MALICIOUS": 0,
        "SANE": 0,
        "VALID": 0,
        "total": 100.46454273469718
    }
}