{
    "counter": {
        "ACTIVE": 2382,
        "INACTIVE": 6,
        "INVALID": 0,
        "MALICIOUS": 0,
        "SANE": 0,
        "VALID": 0,
        "total": 2388
    },
    "percentage": {
        "ACTIVE": 99.74874371859296,
        "INACTIVE": 0.3498542274052478,
        "INVALID": 0,
        "MALICIOUS": 0,
        "SANE": 0,
        "VALID": 0,
        "total": 100.09859794599821
    }
}