{
    "counter": {
        "ACTIVE": 2284,
        "INACTIVE": 13,
        "INVALID": 0,
        "MALICIOUS": 0,
        "SANE": 0,
        "VALID": 0,
        "total": 2297
    },
    "percentage": {
        "ACTIVE": 99.43404440574663,
        "INACTIVE": 0.724233983286908,
        "INVALID": 0,
        "MALICIOUS": 0,
        "SANE": 0,
        "VALID": 0,
        "total": 100.15827838903354
    }
}