{
    "counter": {
        "ACTIVE": 460,
        "INACTIVE": 4,
        "INVALID": 0,
        "MALICIOUS": 0,
        "SANE": 0,
        "VALID": 0,
        "total": 464
    },
    "percentage": {
        "ACTIVE": 99.13793103448276,
        "INACTIVE": 0.8695652173913043,
        "INVALID": 0,
        "MALICIOUS": 0,
        "SANE": 0,
        "VALID": 0,
        "total": 100.00749625187406
    }
}