{
    "counter": {
        "ACTIVE": 2370,
        "INACTIVE": 10,
        "INVALID": 0,
        "MALICIOUS": 0,
        "SANE": 0,
        "VALID": 0,
        "total": 2380
    },
    "percentage": {
        "ACTIVE": 99.5798319327731,
        "INACTIVE": 0.572737686139748,
        "INVALID": 0,
        "MALICIOUS": 0,
        "SANE": 0,
        "VALID": 0,
        "total": 100.15256961891285
    }
}