{
    "counter": {
        "ACTIVE": 1816,
        "INACTIVE": 15,
        "INVALID": 0,
        "MALICIOUS": 0,
        "SANE": 0,
        "VALID": 0,
        "total": 1831
    },
    "percentage": {
        "ACTIVE": 99.1807755324959,
        "INACTIVE": 0.9014423076923077,
        "INVALID": 0,
        "MALICIOUS": 0,
        "SANE": 0,
        "VALID": 0,
        "total": 100.0822178401882
    }
}