{
    "counter": {
        "ACTIVE": 637,
        "INACTIVE": 12,
        "INVALID": 0,
        "MALICIOUS": 0,
        "SANE": 0,
        "VALID": 0,
        "total": 649
    },
    "percentage": {
        "ACTIVE": 98.15100154083206,
        "INACTIVE": 2.5210084033613445,
        "INVALID": 0,
        "MALICIOUS": 0,
        "SANE": 0,
        "VALID": 0,
        "total": 100.6720099441934
    }
}