{
    "counter": {
        "ACTIVE": 865,
        "INACTIVE": 9,
        "INVALID": 0,
        "MALICIOUS": 0,
        "SANE": 0,
        "VALID": 0,
        "total": 874
    },
    "percentage": {
        "ACTIVE": 98.97025171624713,
        "INACTIVE": 1.2178619756427604,
        "INVALID": 0,
        "MALICIOUS": 0,
        "SANE": 0,
        "VALID": 0,
        "total": 100.1881136918899
    }
}