{
    "counter": {
        "ACTIVE": 2232,
        "INACTIVE": 13,
        "INVALID": 0,
        "MALICIOUS": 0,
        "SANE": 0,
        "VALID": 0,
        "total": 2245
    },
    "percentage": {
        "ACTIVE": 99.42093541202672,
        "INACTIVE": 0.7793764988009593,
        "INVALID": 0,
        "MALICIOUS": 0,
        "SANE": 0,
        "VALID": 0,
        "total": 100.20031191082768
    }
}