{
    "counter": {
        "ACTIVE": 823,
        "INACTIVE": 101,
        "INVALID": 0,
        "MALICIOUS": 0,
        "SANE": 0,
        "VALID": 0,
        "total": 924
    },
    "percentage": {
        "ACTIVE": 89.06926406926407,
        "INACTIVE": 11.014176663031625,
        "INVALID": 0,
        "MALICIOUS": 0,
        "SANE": 0,
        "VALID": 0,
        "total": 100.08344073229568
    }
}