{
    "counter": {
        "ACTIVE": 1005,
        "INACTIVE": 8,
        "INVALID": 0,
        "MALICIOUS": 0,
        "SANE": 0,
        "VALID": 0,
        "total": 1013
    },
    "percentage": {
        "ACTIVE": 99.21026653504443,
        "INACTIVE": 1.40597539543058,
        "INVALID": 0,
        "MALICIOUS": 0,
        "SANE": 0,
        "VALID": 0,
        "total": 100.616241930475
    }
}