{
    "counter": {
        "ACTIVE": 2367,
        "INACTIVE": 4,
        "INVALID": 0,
        "MALICIOUS": 0,
        "SANE": 0,
        "VALID": 0,
        "total": 2371
    },
    "percentage": {
        "ACTIVE": 99.83129481231548,
        "INACTIVE": 0.23255813953488372,
        "INVALID": 0,
        "MALICIOUS": 0,
        "SANE": 0,
        "VALID": 0,
        "total": 100.06385295185036
    }
}