{
    "counter": {
        "ACTIVE": 2108,
        "INACTIVE": 2,
        "INVALID": 0,
        "MALICIOUS": 0,
        "SANE": 0,
        "VALID": 0,
        "total": 2110
    },
    "percentage": {
        "ACTIVE": 99.90521327014218,
        "INACTIVE": 0.17286084701815038,
        "INVALID": 0,
        "MALICIOUS": 0,
        "SANE": 0,
        "VALID": 0,
        "total": 100.07807411716034
    }
}