{
    "counter": {
        "ACTIVE": 1334,
        "INACTIVE": 9,
        "INVALID": 0,
        "MALICIOUS": 0,
        "SANE": 0,
        "VALID": 0,
        "total": 1343
    },
    "percentage": {
        "ACTIVE": 99.32985852568876,
        "INACTIVE": 0.7880910683012259,
        "INVALID": 0,
        "MALICIOUS": 0,
        "SANE": 0,
        "VALID": 0,
        "total": 100.11794959398999
    }
}