{
    "counter": {
        "ACTIVE": 622,
        "INACTIVE": 6,
        "INVALID": 0,
        "MALICIOUS": 0,
        "SANE": 0,
        "VALID": 0,
        "total": 628
    },
    "percentage": {
        "ACTIVE": 99.04458598726114,
        "INACTIVE": 1.3100436681222707,
        "INVALID": 0,
        "MALICIOUS": 0,
        "SANE": 0,
        "VALID": 0,
        "total": 100.35462965538342
    }
}