{
    "counter": {
        "ACTIVE": 1521,
        "INACTIVE": 4,
        "INVALID": 0,
        "MALICIOUS": 0,
        "SANE": 0,
        "VALID": 0,
        "total": 1525
    },
    "percentage": {
        "ACTIVE": 99.73770491803279,
        "INACTIVE": 0.33755274261603374,
        "INVALID": 0,
        "MALICIOUS": 0,
        "SANE": 0,
        "VALID": 0,
        "total": 100.07525766064883
    }
}