{
    "counter": {
        "ACTIVE": 1584,
        "INACTIVE": 3,
        "INVALID": 0,
        "MALICIOUS": 0,
        "SANE": 0,
        "VALID": 0,
        "total": 1587
    },
    "percentage": {
        "ACTIVE": 99.8109640831758,
        "INACTIVE": 0.2724795640326976,
        "INVALID": 0,
        "MALICIOUS": 0,
        "SANE": 0,
        "VALID": 0,
        "total": 100.0834436472085
    }
}