{
    "counter": {
        "ACTIVE": 2285,
        "INACTIVE": 11,
        "INVALID": 0,
        "MALICIOUS": 0,
        "SANE": 0,
        "VALID": 0,
        "total": 2296
    },
    "percentage": {
        "ACTIVE": 99.52090592334494,
        "INACTIVE": 0.5301204819277109,
        "INVALID": 0,
        "MALICIOUS": 0,
        "SANE": 0,
        "VALID": 0,
        "total": 100.05102640527265
    }
}