{
    "counter": {
        "ACTIVE": 1738,
        "INACTIVE": 1,
        "INVALID": 0,
        "MALICIOUS": 0,
        "SANE": 0,
        "VALID": 0,
        "total": 1739
    },
    "percentage": {
        "ACTIVE": 99.94249568717653,
        "INACTIVE": 0.16611295681063123,
        "INVALID": 0,
        "MALICIOUS": 0,
        "SANE": 0,
        "VALID": 0,
        "total": 100.10860864398717
    }
}