{
    "counter": {
        "ACTIVE": 2308,
        "INACTIVE": 5,
        "INVALID": 0,
        "MALICIOUS": 0,
        "SANE": 0,
        "VALID": 0,
        "total": 2313
    },
    "percentage": {
        "ACTIVE": 99.78383052313013,
        "INACTIVE": 0.2915451895043732,
        "INVALID": 0,
        "MALICIOUS": 0,
        "SANE": 0,
        "VALID": 0,
        "total": 100.07537571263451
    }
}