{
    "counter": {
        "ACTIVE": 664,
        "INACTIVE": 5,
        "INVALID": 0,
        "MALICIOUS": 0,
        "SANE": 0,
        "VALID": 0,
        "total": 669
    },
    "percentage": {
        "ACTIVE": 99.2526158445441,
        "INACTIVE": 0.819672131147541,
        "INVALID": 0,
        "MALICIOUS": 0,
        "SANE": 0,
        "VALID": 0,
        "total": 100.07228797569164
    }
}