{
    "counter": {
        "ACTIVE": 1517,
        "INACTIVE": 13,
        "INVALID": 0,
        "MALICIOUS": 0,
        "SANE": 0,
        "VALID": 0,
        "total": 1530
    },
    "percentage": {
        "ACTIVE": 99.15032679738562,
        "INACTIVE": 1.1722272317403066,
        "INVALID": 0,
        "MALICIOUS": 0,
        "SANE": 0,
        "VALID": 0,
        "total": 100.32255402912593
    }
}