{
    "counter": {
        "ACTIVE": 2376,
        "INACTIVE": 6,
        "INVALID": 0,
        "MALICIOUS": 0,
        "SANE": 0,
        "VALID": 0,
        "total": 2382
    },
    "percentage": {
        "ACTIVE": 99.74811083123426,
        "INACTIVE": 0.9884678747940692,
        "INVALID": 0,
        "MALICIOUS": 0,
        "SANE": 0,
        "VALID": 0,
        "total": 100.73657870602833
    }
}