{
    "counter": {
        "ACTIVE": 492,
        "INACTIVE": 5,
        "INVALID": 0,
        "MALICIOUS": 0,
        "SANE": 0,
        "VALID": 0,
        "total": 497
    },
    "percentage": {
        "ACTIVE": 98.99396378269617,
        "INACTIVE": 1.0893246187363834,
        "INVALID": 0,
        "MALICIOUS": 0,
        "SANE": 0,
        "VALID": 0,
        "total": 100.08328840143255
    }
}