{
    "counter": {
        "ACTIVE": 1210,
        "INACTIVE": 6,
        "INVALID": 0,
        "MALICIOUS": 0,
        "SANE": 0,
        "VALID": 0,
        "total": 1216
    },
    "percentage": {
        "ACTIVE": 99.50657894736842,
        "INACTIVE": 0.5434782608695652,
        "INVALID": 0,
        "MALICIOUS": 0,
        "SANE": 0,
        "VALID": 0,
        "total": 100.05005720823799
    }
}