{
    "counter": {
        "ACTIVE": 1935,
        "INACTIVE": 13,
        "INVALID": 0,
        "MALICIOUS": 0,
        "SANE": 0,
        "VALID": 0,
        "total": 1948
    },
    "percentage": {
        "ACTIVE": 99.33264887063655,
        "INACTIVE": 0.7222222222222222,
        "INVALID": 0,
        "MALICIOUS": 0,
        "SANE": 0,
        "VALID": 0,
        "total": 100.05487109285878
    }
}