{
    "counter": {
        "ACTIVE": 1074,
        "INACTIVE": 4,
        "INVALID": 0,
        "MALICIOUS": 0,
        "SANE": 0,
        "VALID": 0,
        "total": 1078
    },
    "percentage": {
        "ACTIVE": 99.62894248608535,
        "INACTIVE": 0.8583690987124464,
        "INVALID": 0,
        "MALICIOUS": 0,
        "SANE": 0,
        "VALID": 0,
        "total": 100.4873115847978
    }
}