{
    "counter": {
        "ACTIVE": 1508,
        "INACTIVE": 10,
        "INVALID": 0,
        "MALICIOUS": 0,
        "SANE": 0,
        "VALID": 0,
        "total": 1518
    },
    "percentage": {
        "ACTIVE": 99.34123847167325,
        "INACTIVE": 0.9066183136899365,
        "INVALID": 0,
        "MALICIOUS": 0,
        "SANE": 0,
        "VALID": 0,
        "total": 100.24785678536318
    }
}