{
    "counter": {
        "ACTIVE": 1476,
        "INACTIVE": 7,
        "INVALID": 0,
        "MALICIOUS": 0,
        "SANE": 0,
        "VALID": 0,
        "total": 1483
    },
    "percentage": {
        "ACTIVE": 99.52798381658799,
        "INACTIVE": 0.6050129645635264,
        "INVALID": 0,
        "MALICIOUS": 0,
        "SANE": 0,
        "VALID": 0,
        "total": 100.13299678115152
    }
}