{
    "counter": {
        "ACTIVE": 363,
        "INACTIVE": 4,
        "INVALID": 0,
        "MALICIOUS": 0,
        "SANE": 0,
        "VALID": 0,
        "total": 367
    },
    "percentage": {
        "ACTIVE": 98.91008174386921,
        "INACTIVE": 1.1560693641618498,
        "INVALID": 0,
        "MALICIOUS": 0,
        "SANE": 0,
        "VALID": 0,
        "total": 100.06615110803106
    }
}