{
    "counter": {
        "ACTIVE": 202,
        "INACTIVE": 2,
        "INVALID": 0,
        "MALICIOUS": 0,
        "SANE": 0,
        "VALID": 0,
        "total": 204
    },
    "percentage": {
        "ACTIVE": 99.01960784313725,
        "INACTIVE": 1.7857142857142858,
        "INVALID": 0,
        "MALICIOUS": 0,
        "SANE": 0,
        "VALID": 0,
        "total": 100.80532212885154
    }
}