{
    "counter": {
        "ACTIVE": 236,
        "INACTIVE": 2,
        "INVALID": 0,
        "MALICIOUS": 0,
        "SANE": 0,
        "VALID": 0,
        "total": 238
    },
    "percentage": {
        "ACTIVE": 99.15966386554622,
        "INACTIVE": 2.127659574468085,
        "INVALID": 0,
        "MALICIOUS": 0,
        "SANE": 0,
        "VALID": 0,
        "total": 101.2873234400143
    }
}