{
    "counter": {
        "ACTIVE": 1075,
        "INACTIVE": 6,
        "INVALID": 0,
        "MALICIOUS": 0,
        "SANE": 0,
        "VALID": 0,
        "total": 1081
    },
    "percentage": {
        "ACTIVE": 99.44495837187789,
        "INACTIVE": 0.5876591576885406,
        "INVALID": 0,
        "MALICIOUS": 0,
        "SANE": 0,
        "VALID": 0,
        "total": 100.03261752956642
    }
}