{
    "counter": {
        "ACTIVE": 905,
        "INACTIVE": 6,
        "INVALID": 0,
        "MALICIOUS": 0,
        "SANE": 0,
        "VALID": 0,
        "total": 911
    },
    "percentage": {
        "ACTIVE": 99.34138309549945,
        "INACTIVE": 0.6779661016949152,
        "INVALID": 0,
        "MALICIOUS": 0,
        "SANE": 0,
        "VALID": 0,
        "total": 100.01934919719437
    }
}