{
    "counter": {
        "ACTIVE": 2374,
        "INACTIVE": 8,
        "INVALID": 0,
        "MALICIOUS": 0,
        "SANE": 0,
        "VALID": 0,
        "total": 2382
    },
    "percentage": {
        "ACTIVE": 99.66414777497901,
        "INACTIVE": 0.4589787722317843,
        "INVALID": 0,
        "MALICIOUS": 0,
        "SANE": 0,
        "VALID": 0,
        "total": 100.1231265472108
    }
}