{
    "counter": {
        "ACTIVE": 1741,
        "INACTIVE": 11,
        "INVALID": 0,
        "MALICIOUS": 0,
        "SANE": 0,
        "VALID": 0,
        "total": 1752
    },
    "percentage": {
        "ACTIVE": 99.37214611872146,
        "INACTIVE": 0.6748466257668712,
        "INVALID": 0,
        "MALICIOUS": 0,
        "SANE": 0,
        "VALID": 0,
        "total": 100.04699274448834
    }
}