{
    "counter": {
        "ACTIVE": 2273,
        "INACTIVE": 15,
        "INVALID": 0,
        "MALICIOUS": 0,
        "SANE": 0,
        "VALID": 0,
        "total": 2288
    },
    "percentage": {
        "ACTIVE": 99.3444055944056,
        "INACTIVE": 0.7696254489481785,
        "INVALID": 0,
        "MALICIOUS": 0,
        "SANE": 0,
        "VALID": 0,
        "total": 100.11403104335378
    }
}