{
    "counter": {
        "ACTIVE": 1625,
        "INACTIVE": 10,
        "INVALID": 0,
        "MALICIOUS": 0,
        "SANE": 0,
        "VALID": 0,
        "total": 1635
    },
    "percentage": {
        "ACTIVE": 99.38837920489297,
        "INACTIVE": 0.612369871402327,
        "INVALID": 0,
        "MALICIOUS": 0,
        "SANE": 0,
        "VALID": 0,
        "total": 100.00074907629529
    }
}