{
    "counter": {
        "ACTIVE": 2276,
        "INACTIVE": 7,
        "INVALID": 0,
        "MALICIOUS": 0,
        "SANE": 0,
        "VALID": 0,
        "total": 2283
    },
    "percentage": {
        "ACTIVE": 99.6933858957512,
        "INACTIVE": 0.39886039886039887,
        "INVALID": 0,
        "MALICIOUS": 0,
        "SANE": 0,
        "VALID": 0,
        "total": 100.0922462946116
    }
}