{
    "counter": {
        "ACTIVE": 569,
        "INACTIVE": 24,
        "INVALID": 0,
        "MALICIOUS": 0,
        "SANE": 0,
        "VALID": 0,
        "total": 593
    },
    "percentage": {
        "ACTIVE": 95.95278246205734,
        "INACTIVE": 4.195804195804196,
        "INVALID": 0,
        "MALICIOUS": 0,
        "SANE": 0,
        "VALID": 0,
        "total": 100.14858665786154
    }
}