{
    "counter": {
        "ACTIVE": 1362,
        "INACTIVE": 13,
        "INVALID": 0,
        "MALICIOUS": 0,
        "SANE": 0,
        "VALID": 0,
        "total": 1375
    },
    "percentage": {
        "ACTIVE": 99.05454545454545,
        "INACTIVE": 1.1775362318840579,
        "INVALID": 0,
        "MALICIOUS": 0,
        "SANE": 0,
        "VALID": 0,
        "total": 100.23208168642951
    }
}