{
    "counter": {
        "ACTIVE": 1290,
        "INACTIVE": 14,
        "INVALID": 0,
        "MALICIOUS": 0,
        "SANE": 0,
        "VALID": 0,
        "total": 1304
    },
    "percentage": {
        "ACTIVE": 98.92638036809817,
        "INACTIVE": 1.2681159420289856,
        "INVALID": 0,
        "MALICIOUS": 0,
        "SANE": 0,
        "VALID": 0,
        "total": 100.19449631012715
    }
}