{
    "counter": {
        "ACTIVE": 1997,
        "INACTIVE": 5,
        "INVALID": 0,
        "MALICIOUS": 0,
        "SANE": 0,
        "VALID": 0,
        "total": 2002
    },
    "percentage": {
        "ACTIVE": 99.75024975024975,
        "INACTIVE": 0.5694760820045558,
        "INVALID": 0,
        "MALICIOUS": 0,
        "SANE": 0,
        "VALID": 0,
        "total": 100.3197258322543
    }
}