{
    "counter": {
        "ACTIVE": 378,
        "INACTIVE": 4,
        "INVALID": 0,
        "MALICIOUS": 0,
        "SANE": 0,
        "VALID": 0,
        "total": 382
    },
    "percentage": {
        "ACTIVE": 98.95287958115183,
        "INACTIVE": 1.2048192771084338,
        "INVALID": 0,
        "MALICIOUS": 0,
        "SANE": 0,
        "VALID": 0,
        "total": 100.15769885826026
    }
}