{
    "counter": {
        "ACTIVE": 646,
        "INACTIVE": 8,
        "INVALID": 0,
        "MALICIOUS": 0,
        "SANE": 0,
        "VALID": 0,
        "total": 654
    },
    "percentage": {
        "ACTIVE": 98.77675840978593,
        "INACTIVE": 1.40597539543058,
        "INVALID": 0,
        "MALICIOUS": 0,
        "SANE": 0,
        "VALID": 0,
        "total": 100.1827338052165
    }
}