{
    "counter": {
        "ACTIVE": 2371,
        "INACTIVE": 3,
        "INVALID": 0,
        "MALICIOUS": 0,
        "SANE": 0,
        "VALID": 0,
        "total": 2374
    },
    "percentage": {
        "ACTIVE": 99.87363100252738,
        "INACTIVE": 0.6185567010309279,
        "INVALID": 0,
        "MALICIOUS": 0,
        "SANE": 0,
        "VALID": 0,
        "total": 100.4921877035583
    }
}